Query_ID	Target_ID	Optimal_offset	p-value	E-value	q-value	Overlap	Query_consensus	Target_consensus	Orientation
Motif_1	MESP1_DBD	-7	4.47335e-05	0.0925983	0.184248	10	GAGAGTGCCCAGGTGGAAG	CACAGGTGTT	-
Motif_1	MA0103.3	-6	0.000168996	0.349822	0.253161	11	GAGAGTGCCCAGGTGGAAG	GCGCAGGTGGG	-
Motif_1	MA1979.1	-4	0.000184956	0.38286	0.253161	11	GAGAGTGCCCAGGTGGAAG	GTGCCCAGATA	-
Motif_1	TCF3_DBD	-7	0.00024586	0.50893	0.253161	10	GAGAGTGCCCAGGTGGAAG	AGCAGGTGTT	-
Motif_1	MA0522.3	-6	0.00106611	2.20685	0.716982	11	GAGAGTGCCCAGGTGGAAG	GGGCAGGTGCG	-
Motif_1	ID4_DBD	-7	0.00126472	2.61796	0.716982	10	GAGAGTGCCCAGGTGGAAG	GACAGGTGTA	-
Motif_1	MA0154.4	-3	0.00181763	3.7625	0.716982	15	GAGAGTGCCCAGGTGGAAG	AGTCCCCAGGGGACT	+
Motif_1	MA0820.1	-7	0.00187695	3.8853	0.716982	10	GAGAGTGCCCAGGTGGAAG	AACAGGTGGT	-
Motif_1	FIGLA_DBD	-7	0.00187695	3.8853	0.716982	10	GAGAGTGCCCAGGTGGAAG	AACAGGTGGT	-
Motif_1	MA1994.1	-4	0.00208354	4.31293	0.716982	13	GAGAGTGCCCAGGTGGAAG	AAGTTCAAGTGGT	-
Motif_1	UP00038_1	0	0.00211325	4.37442	0.716982	16	GAGAGTGCCCAGGTGGAAG	AAAAATCCGGATGTAC	-
Motif_1	TCF4_full	-7	0.00219012	4.53356	0.716982	10	GAGAGTGCCCAGGTGGAAG	TGCAGGTGTG	-
Motif_1	MA0080.6	-1	0.00249822	5.17132	0.716982	17	GAGAGTGCCCAGGTGGAAG	AAAAAGAGGAAGTGGAA	+
Motif_1	MA0744.2	-2	0.00269854	5.58597	0.716982	16	GAGAGTGCCCAGGTGGAAG	AAAGCAACAGGTGGTT	+
Motif_1	UP00046_1	-4	0.00298341	6.17566	0.716982	15	GAGAGTGCCCAGGTGGAAG	ATCCACAGGTGCGAAAA	+
Motif_1	MA1109.1	-6	0.00310265	6.42249	0.716982	13	GAGAGTGCCCAGGTGGAAG	GGACAGATGGCAG	+
Motif_1	MA1102.2	-7	0.00319666	6.61708	0.716982	12	GAGAGTGCCCAGGTGGAAG	AGCAGGGGGCGC	+
Motif_1	UP00036_1	-3	0.00364183	7.53858	0.716982	16	GAGAGTGCCCAGGTGGAAG	GAAGAACAGGTGTCCG	+
Motif_1	MA1635.1	-7	0.00369621	7.65115	0.716982	10	GAGAGTGCCCAGGTGGAAG	CGCAGCTGCG	+
Motif_1	MA1108.2	-7	0.00369621	7.65115	0.716982	10	GAGAGTGCCCAGGTGGAAG	GCCATGTGTC	-
Motif_1	MA0506.2	-5	0.00459674	9.51525	0.716982	14	GAGAGTGCCCAGGTGGAAG	CGCGCAGGCGCAGGC	-
Motif_1	MA0004.1	-9	0.00469366	9.71587	0.716982	6	GAGAGTGCCCAGGTGGAAG	CACGTG	+
Motif_2	MA0002.2	0	1.14719e-10	2.37469e-07	4.74937e-07	11	AAACCACAGAGGATAAGAT	AAACCACAGAC	-
Motif_2	RUNX3_full	0	2.42098e-05	0.0501143	0.0501143	10	AAACCACAGAGGATAAGAT	AAACCGCAAA	+
Motif_2	RUNX3_DBD_2	0	4.08883e-05	0.0846388	0.0564259	10	AAACCACAGAGGATAAGAT	AAACCGCAAA	+
Motif_2	MA0511.2	0	0.000219019	0.45337	0.181348	9	AAACCACAGAGGATAAGAT	AAACCGCAA	+
Motif_2	RUNX2_DBD_3	0	0.000219019	0.45337	0.181348	9	AAACCACAGAGGATAAGAT	AAACCGCAA	+
Motif_2	MA1989.1	2	0.000974395	2.017	0.672333	12	AAACCACAGAGGATAAGAT	AAAAACCACAAGAA	+
Motif_2	MA0442.2	0	0.00227495	4.70915	1	11	AAACCACAGAGGATAAGAT	AAAACAAAGAA	+
Motif_2	RUNX3_DBD_1	0	0.00396281	8.20301	1	16	AAACCACAGAGGATAAGAT	TAACCGCAAACCGCAA	+
Motif_2	MA0684.2	1	0.00411911	8.52657	1	11	AAACCACAGAGGATAAGAT	AAAACCTCAAAT	+
Motif_2	RUNX2_DBD_1	7	0.00475472	9.84227	1	9	AAACCACAGAGGATAAGAT	TAACCGCAAACCGCAA	+
Motif_2	MA0867.2	-1	0.00482815	9.99426	1	10	AAACCACAGAGGATAAGAT	GAACAAAGGG	+
Motif_3	MA0830.2	-1	8.21167e-07	0.00169982	0.00333112	13	TCGGCACCTGCCCCTGATT	CGGCACCTGCCCC	+
Motif_3	MA1631.1	-1	7.80864e-06	0.0161639	0.0158381	13	TCGGCACCTGCCCCTGATT	CAGCACCTGCCCC	+
Motif_3	MA0103.3	-2	2.1103e-05	0.0436833	0.0285353	11	TCGGCACCTGCCCCTGATT	CCCACCTGCGC	+
Motif_3	MA0522.3	-2	6.62546e-05	0.137147	0.0671915	11	TCGGCACCTGCCCCTGATT	CGCACCTGCCC	+
Motif_3	MA0499.2	-1	9.79178e-05	0.20269	0.079442	13	TCGGCACCTGCCCCTGATT	CAGCACCTGTCCC	+
Motif_3	MA1648.1	-2	0.000187493	0.38811	0.0953513	11	TCGGCACCTGCCCCTGATT	CGCACCTGCCG	+
Motif_3	MA1099.2	-2	0.000193095	0.399707	0.0953513	10	TCGGCACCTGCCCCTGATT	GGCACGTGGC	+
Motif_3	MA1100.2	-2	0.000193095	0.399707	0.0953513	10	TCGGCACCTGCCCCTGATT	GGCAGCTGCC	+
Motif_3	UP00099_1	1	0.000218321	0.451925	0.0953513	16	TCGGCACCTGCCCCTGATT	CTCAGCAGCTGCTCCTG	+
Motif_3	BHLHB3_full	-2	0.000285119	0.590196	0.105146	10	TCGGCACCTGCCCCTGATT	GTCACGTGCC	-
Motif_3	MA0616.2	-2	0.000313579	0.649109	0.106004	10	TCGGCACCTGCCCCTGATT	GGCACGTGCC	+
Motif_3	MA0147.3	-1	0.000356739	0.73845	0.111318	12	TCGGCACCTGCCCCTGATT	GGGCACGTGGCC	-
Motif_3	MA1106.1	-3	0.000497668	1.03017	0.144202	10	TCGGCACCTGCCCCTGATT	GTACGTGCCC	+
Motif_3	Bhlhb2_DBD_2	-2	0.000594831	1.2313	0.160865	10	TCGGCACCTGCCCCTGATT	GTCACGTGCT	-
Motif_3	MA0823.1	-2	0.000708429	1.46645	0.169046	10	TCGGCACCTGCCCCTGATT	GGCACGTGTC	-
Motif_3	HEY1_DBD	-2	0.000708429	1.46645	0.169046	10	TCGGCACCTGCCCCTGATT	GGCACGTGTC	-
Motif_3	MA1464.1	-2	0.000840955	1.74078	0.17342	10	TCGGCACCTGCCCCTGATT	GTCACGTGCC	+
Motif_3	MA1976.1	8	0.000938855	1.94343	0.17342	19	TCGGCACCTGCCCCTGATT	CCCTCGCACAGGCCCCCGGGCCCCCCT	-
Motif_3	MA0821.2	-2	0.000995293	2.06026	0.17342	10	TCGGCACCTGCCCCTGATT	GGCACGTGCC	+
Motif_3	MA0058.3	-2	0.00108165	2.23901	0.17342	10	TCGGCACCTGCCCCTGATT	AGCACGTGGT	-
Motif_3	Bhlhb2_DBD_1	-2	0.00108165	2.23901	0.17342	10	TCGGCACCTGCCCCTGATT	GTCACGTGAC	+
Motif_3	HEY2_DBD	-2	0.00108165	2.23901	0.17342	10	TCGGCACCTGCCCCTGATT	GGCACGTGTC	-
Motif_3	MAX_DBD_2	-2	0.00108165	2.23901	0.17342	10	TCGGCACCTGCCCCTGATT	AGCACGTGGT	-
Motif_3	MA0825.1	-2	0.00127501	2.63926	0.17342	10	TCGGCACCTGCCCCTGATT	GGCACGTGGT	-
Motif_3	MNT_DBD	-2	0.00127501	2.63926	0.17342	10	TCGGCACCTGCCCCTGATT	GGCACGTGGT	-
Motif_3	MA1993.1	-2	0.00149932	3.10359	0.17342	10	TCGGCACCTGCCCCTGATT	GCCAGCTGGC	+
Motif_3	MA0633.2	-2	0.00162452	3.36275	0.17342	10	TCGGCACCTGCCCCTGATT	CGCAGCTGCG	+
Motif_3	MA1108.2	-2	0.00162452	3.36275	0.17342	10	TCGGCACCTGCCCCTGATT	GACACATGGC	+
Motif_3	MA0464.2	-2	0.00162452	3.36275	0.17342	10	TCGGCACCTGCCCCTGATT	GTCACGTGAT	-
Motif_3	BHLHB2_DBD	-2	0.00162452	3.36275	0.17342	10	TCGGCACCTGCCCCTGATT	GTCACGTGAT	-
Motif_3	MA1997.1	-2	0.00175924	3.64163	0.178412	10	TCGGCACCTGCCCCTGATT	AGCAGCTGCT	+
Motif_3	MA0104.4	-1	0.00199504	4.12973	0.192691	12	TCGGCACCTGCCCCTGATT	GGCCACGTGGCC	+
Motif_3	MA1102.2	0	0.00229331	4.74715	0.206894	12	TCGGCACCTGCCCCTGATT	GCGCCCCCTGCT	-
Motif_3	MA0059.1	-2	0.00233011	4.82333	0.206894	11	TCGGCACCTGCCCCTGATT	ACCACGTGGTC	-
Motif_3	NHLH1_DBD	-2	0.00240766	4.98386	0.206894	10	TCGGCACCTGCCCCTGATT	CGCAGCTGCG	-
Motif_3	MA0636.1	-2	0.00260112	5.38431	0.206894	10	TCGGCACCTGCCCCTGATT	GTCACGTGAC	+
Motif_3	BHLHE41_full	-2	0.00260112	5.38431	0.206894	10	TCGGCACCTGCCCCTGATT	GTCACGTGAC	+
Motif_3	MA1621.1	0	0.00265479	5.49542	0.207103	14	TCGGCACCTGCCCCTGATT	CGAACACCTGTCCC	+
Motif_3	MA0649.1	-2	0.00280887	5.81437	0.211007	10	TCGGCACCTGCCCCTGATT	GACACGTGCC	+
Motif_3	HEY2_full	-2	0.00280887	5.81437	0.211007	10	TCGGCACCTGCCCCTGATT	GACACGTGCC	+
Motif_3	Tp53_DBD_2	-5	0.00308117	6.37802	0.21928	14	TCGGCACCTGCCCCTGATT	ACATGTCATAGACATGT	-
Motif_3	MA0822.1	-1	0.00322759	6.68111	0.221914	12	TCGGCACCTGCCCCTGATT	TGGCACGTGCCA	+
Motif_3	HES7_DBD	-1	0.00322759	6.68111	0.221914	12	TCGGCACCTGCCCCTGATT	TGGCACGTGCCA	+
Motif_3	HES5_DBD_2	-1	0.00369077	7.6399	0.240779	12	TCGGCACCTGCCCCTGATT	CGGCACGTGCCG	+
Motif_3	MA0048.2	-2	0.00409754	8.4819	0.240779	10	TCGGCACCTGCCCCTGATT	CGCAGCTGCG	-
Motif_3	NHLH1_full	-2	0.00409754	8.4819	0.240779	10	TCGGCACCTGCCCCTGATT	CGCAGCTGCG	-
Motif_3	MA1710.1	-4	0.00421423	8.72346	0.240779	12	TCGGCACCTGCCCCTGATT	CCCTTGCCTCTC	-
Motif_3	MA1708.1	-4	0.00443108	9.17233	0.244895	11	TCGGCACCTGCCCCTGATT	CACTTCCGCCT	-
Motif_3	MA1945.1	-3	0.00443882	9.18836	0.244895	15	TCGGCACCTGCCCCTGATT	CCACCTGCTTCCGCC	-
Motif_3	MA1642.1	-1	0.00446738	9.24747	0.244895	13	TCGGCACCTGCCCCTGATT	TGCCATCTGTTCC	-
Motif_3	MA0146.2	-2	0.00461601	9.55514	0.246384	14	TCGGCACCTGCCCCTGATT	GGGGCCGAGGCCTG	+
Motif_3	MA1627.1	-4	0.00461601	9.55514	0.246384	14	TCGGCACCTGCCCCTGATT	CCCCTCCCCCACAC	+
Motif_3	ID4_DBD	-2	0.00475087	9.83431	0.250289	10	TCGGCACCTGCCCCTGATT	TACACCTGTC	+
Motif_4	MA0517.1	1	6.34418e-07	0.00131324	0.00261801	14	GGAACTGAAACTGAACGTT	GGAAAATGAAACTGA	-
Motif_4	MA0050.3	3	6.0497e-06	0.0125229	0.01211	12	GGAACTGAAACTGAACGTT	AATGAAACTGAAAGT	+
Motif_4	PRDM1_full	1	8.80378e-06	0.0182238	0.01211	14	GGAACTGAAACTGAACGTT	AGAAAGTGAAAGTGA	+
Motif_4	IRF8_DBD	2	1.67601e-05	0.0346933	0.0151557	12	GGAACTGAAACTGAACGTT	ACGAAACCGAAACT	+
Motif_4	MA0652.1	2	2.2036e-05	0.0456144	0.0151557	12	GGAACTGAAACTGAACGTT	TCGAAACCGAAACT	+
Motif_4	IRF8_full	2	2.2036e-05	0.0456144	0.0151557	12	GGAACTGAAACTGAACGTT	TCGAAACCGAAACT	+
Motif_4	MA1623.1	1	4.93252e-05	0.102103	0.0216223	12	GGAACTGAAACTGAACGTT	AGAAACAGAAACT	+
Motif_4	MA0653.1	3	5.48282e-05	0.113494	0.0216223	12	GGAACTGAAACTGAACGTT	AACGAAACCGAAACT	+
Motif_4	IRF9_full	3	5.48282e-05	0.113494	0.0216223	12	GGAACTGAAACTGAACGTT	AACGAAACCGAAACT	+
Motif_4	MA1420.1	2	5.76367e-05	0.119308	0.0216223	12	GGAACTGAAACTGAACGTT	CCGAAACCGAAACT	+
Motif_4	IRF5_full_1	2	5.76367e-05	0.119308	0.0216223	12	GGAACTGAAACTGAACGTT	CCGAAACCGAAACT	+
Motif_4	MA1419.1	2	8.9151e-05	0.184543	0.0282995	13	GGAACTGAAACTGAACGTT	CCGAAACCGAAACTA	+
Motif_4	IRF4_full	2	8.9151e-05	0.184543	0.0282995	13	GGAACTGAAACTGAACGTT	CCGAAACCGAAACTA	+
Motif_4	MA0772.1	2	0.0001305	0.270135	0.0359018	12	GGAACTGAAACTGAACGTT	ACGAAAGCGAAAGT	+
Motif_4	IRF7_DBD_1	2	0.0001305	0.270135	0.0359018	12	GGAACTGAAACTGAACGTT	ACGAAAGCGAAAGT	+
Motif_4	UP00086_1	1	0.000225212	0.466189	0.0580854	13	GGAACTGAAACTGAACGTT	GAGAACCGAAACTG	+
Motif_4	MA1418.1	2	0.000313507	0.64896	0.0718738	19	GGAACTGAAACTGAACGTT	GGGAAACGGAAACCGAAACTG	+
Motif_4	IRF3_full	2	0.000313507	0.64896	0.0718738	19	GGAACTGAAACTGAACGTT	GGGAAACGGAAACCGAAACTG	+
Motif_4	MA1509.1	-3	0.000338113	0.699893	0.0734351	9	GGAACTGAAACTGAACGTT	ACCGAAACT	+
Motif_4	ETV6_full_1	2	0.000499223	1.03339	0.103006	13	GGAACTGAAACTGAACGTT	CCGGAAGCGGAAGTG	+
Motif_4	MA0081.2	0	0.000567187	1.17408	0.109335	16	GGAACTGAAACTGAACGTT	AAAAGAGGAAGTGAAA	-
Motif_4	IRF5_full_2	-2	0.000582888	1.20658	0.109335	11	GGAACTGAAACTGAACGTT	AACCGAAACCA	+
Motif_4	UP00074_1	1	0.000812568	1.68202	0.14579	14	GGAACTGAAACTGAACGTT	CAAAATCGAAACTAA	+
Motif_4	MA0051.1	1	0.000882456	1.82668	0.151732	17	GGAACTGAAACTGAACGTT	GGAAAGCGAAACCAAAAC	+
Motif_4	MA0598.3	0	0.00121775	2.52073	0.201008	15	GGAACTGAAACTGAACGTT	GAAACAGGAAGTGAG	-
Motif_4	MA0761.2	-1	0.0016597	3.43557	0.263422	14	GGAACTGAAACTGAACGTT	AAACAGGAAGTGAA	+
Motif_4	MA1508.1	0	0.00185565	3.8412	0.283327	12	GGAACTGAAACTGAACGTT	GAAACAGGAAGT	+
Motif_4	UP00018_1	0	0.00192243	3.97943	0.283327	15	GGAACTGAAACTGAACGTT	CGTATCGAAACCAAA	+
Motif_4	UP00040_1	1	0.00232627	4.81537	0.331022	14	GGAACTGAAACTGAACGTT	ATAAACCGAAACCAA	+
Motif_4	MA0062.3	-1	0.00261519	5.41344	0.359731	14	GGAACTGAAACTGAACGTT	AAACAGGAAGTGGG	-
Motif_4	MA1525.2	-2	0.00373812	7.73791	0.497608	10	GGAACTGAAACTGAACGTT	AATGGAAAAT	+
Motif_4	MA0508.3	-2	0.00430433	8.90996	0.54186	11	GGAACTGAAACTGAACGTT	AAGAGAAAGAA	-
Motif_4	MA0080.6	1	0.00433316	8.96965	0.54186	16	GGAACTGAAACTGAACGTT	AAAAAGAGGAAGTGGAA	+
Motif_4	NR4A2_full_1	-2	0.0045857	9.49241	0.556574	17	GGAACTGAAACTGAACGTT	AGGTCAAACTGTGACCT	+
Motif_5	MA0081.2	2	7.46289e-06	0.0154482	0.0308491	14	AAGAAGAAGTGAAACCTGG	AAAAGAGGAAGTGAAA	-
Motif_5	MA0080.6	3	2.50553e-05	0.0518644	0.0517851	14	AAGAAGAAGTGAAACCTGG	AAAAAGAGGAAGTGGAA	+
Motif_5	PRDM1_full	-3	8.61146e-05	0.178257	0.118656	15	AAGAAGAAGTGAAACCTGG	AGAAAGTGAAAGTGA	+
Motif_5	MA1119.1	-6	0.00013022	0.269556	0.134572	13	AAGAAGAAGTGAAACCTGG	AACTGAAACCTGATAC	+
Motif_5	MA0050.3	-1	0.000187789	0.388724	0.155252	15	AAGAAGAAGTGAAACCTGG	AATGAAACTGAAAGT	+
Motif_5	MA0598.3	-4	0.000253549	0.524846	0.174681	15	AAGAAGAAGTGAAACCTGG	GAAACAGGAAGTGAG	-
Motif_5	MA0051.1	3	0.000714685	1.4794	0.402749	15	AAGAAGAAGTGAAACCTGG	GGAAAGCGAAACCAAAAC	+
Motif_5	IRF8_DBD	-2	0.000951109	1.96879	0.402749	14	AAGAAGAAGTGAAACCTGG	ACGAAACCGAAACT	+
Motif_5	MA1508.1	-4	0.00103484	2.14212	0.402749	12	AAGAAGAAGTGAAACCTGG	GAAACAGGAAGT	+
Motif_5	MA0653.1	-1	0.00111263	2.30315	0.402749	15	AAGAAGAAGTGAAACCTGG	AACGAAACCGAAACT	+
Motif_5	IRF9_full	-1	0.00111263	2.30315	0.402749	15	AAGAAGAAGTGAAACCTGG	AACGAAACCGAAACT	+
Motif_5	MA0474.3	-5	0.00116918	2.4202	0.402749	14	AAGAAGAAGTGAAACCTGG	AAACAGGAAGTGGG	+
Motif_5	MA0473.3	-5	0.00143256	2.9654	0.455518	14	AAGAAGAAGTGAAACCTGG	AAACAGGAAGTGGG	+
Motif_5	MA1709.1	-3	0.00227588	4.71108	0.671982	15	AAGAAGAAGTGAAACCTGG	AGCAACAGAAACCTA	+
Motif_5	MA1623.1	-3	0.0025622	5.30375	0.674607	13	AAGAAGAAGTGAAACCTGG	AGAAACAGAAACT	+
Motif_5	MA0062.3	-5	0.00275652	5.70599	0.674607	14	AAGAAGAAGTGAAACCTGG	AAACAGGAAGTGGG	-
Motif_5	MA1971.1	-5	0.00293757	6.08076	0.674607	14	AAGAAGAAGTGAAACCTGG	GCAACGAAACCAGG	+
Motif_5	MA0761.2	1	0.00293757	6.08076	0.674607	13	AAGAAGAAGTGAAACCTGG	AAACAGGAAGTGAA	+
Motif_5	MA0517.1	-3	0.00330887	6.84936	0.719882	15	AAGAAGAAGTGAAACCTGG	GGAAAATGAAACTGA	-
Motif_5	MA1649.1	-6	0.00418947	8.67221	0.73441	11	AAGAAGAAGTGAAACCTGG	ATCTGGAACCC	+
Motif_5	MA0640.2	0	0.00427439	8.84798	0.73441	14	AAGAAGAAGTGAAACCTGG	ACCAGGAAGTGGAA	-
Motif_5	MA0652.1	-2	0.0045452	9.40856	0.73441	14	AAGAAGAAGTGAAACCTGG	TCGAAACCGAAACT	+
Motif_5	IRF8_full	-2	0.0045452	9.40856	0.73441	14	AAGAAGAAGTGAAACCTGG	TCGAAACCGAAACT	+
Motif_5	MA1509.1	-7	0.00469697	9.72272	0.73441	9	AAGAAGAAGTGAAACCTGG	ACCGAAACT	+
Motif_6	MA1997.1	-6	2.8846e-08	5.97111e-05	4.94939e-05	10	ATACGCAGCAGCTGCTCCT	AGCAGCTGCT	+
Motif_6	MA0500.2	-5	7.6505e-08	0.000158365	4.94939e-05	12	ATACGCAGCAGCTGCTCCT	CAGCAGCTGCTG	+
Motif_6	MA0816.1	-6	8.67677e-08	0.000179609	4.94939e-05	10	ATACGCAGCAGCTGCTCCT	AGCAGCTGCT	+
Motif_6	Ascl2_DBD	-6	8.67677e-08	0.000179609	4.94939e-05	10	ATACGCAGCAGCTGCTCCT	AGCAGCTGCT	+
Motif_6	MA1993.1	-6	4.334e-07	0.000897139	0.000173054	10	ATACGCAGCAGCTGCTCCT	GCCAGCTGGC	+
Motif_6	MA1472.2	-5	6.08562e-07	0.00125972	0.000199861	12	ATACGCAGCAGCTGCTCCT	GAACAGCTGTTC	+
Motif_6	MA0521.2	-5	7.00752e-07	0.00145056	0.000199861	12	ATACGCAGCAGCTGCTCCT	GAACAGCTGTTC	+
Motif_6	MA0633.2	-6	1.09758e-06	0.002272	0.000254306	10	ATACGCAGCAGCTGCTCCT	CGCAGCTGCG	+
Motif_6	MA1641.1	-5	1.20115e-06	0.00248637	0.000254306	12	ATACGCAGCAGCTGCTCCT	GAACAGCTGTTC	+
Motif_6	UP00099_1	-3	1.21009e-06	0.00250489	0.000254306	16	ATACGCAGCAGCTGCTCCT	CTCAGCAGCTGCTCCTG	+
Motif_6	MA1100.2	-6	3.30983e-06	0.00685135	0.000660796	10	ATACGCAGCAGCTGCTCCT	GGCAGCTGCC	+
Motif_6	MA0668.2	-4	4.40789e-06	0.00912433	0.000800018	15	ATACGCAGCAGCTGCTCCT	TGACCATCTGTTCCC	-
Motif_6	MA1619.1	-5	1.19361e-05	0.0247078	0.00179415	12	ATACGCAGCAGCTGCTCCT	GCACAGCTGTGC	+
Motif_6	MA0665.1	-6	1.22216e-05	0.0252987	0.00179415	10	ATACGCAGCAGCTGCTCCT	AACAGCTGTT	-
Motif_6	MSC_full	-6	1.22216e-05	0.0252987	0.00179415	10	ATACGCAGCAGCTGCTCCT	AACAGCTGTT	-
Motif_6	MA1485.1	-4	1.30136e-05	0.0269382	0.00179415	14	ATACGCAGCAGCTGCTCCT	GCAACAGCTGTTAC	+
Motif_6	MA1631.1	-5	1.39293e-05	0.0288336	0.00179415	13	ATACGCAGCAGCTGCTCCT	CAGCACCTGCCCC	+
Motif_6	MA1642.1	-5	1.53882e-05	0.0318535	0.00192012	13	ATACGCAGCAGCTGCTCCT	TGCCATCTGTTCC	-
Motif_6	MA0832.1	-4	2.97661e-05	0.0616158	0.0034957	14	ATACGCAGCAGCTGCTCCT	ACAACAGCTGTTGC	-
Motif_6	Tcf21_DBD	-4	2.97661e-05	0.0616158	0.0034957	14	ATACGCAGCAGCTGCTCCT	ACAACAGCTGTTGC	-
Motif_6	SNAI2_DBD	-7	4.20658e-05	0.0870762	0.00453962	9	ATACGCAGCAGCTGCTCCT	ACACCTGTT	-
Motif_6	MA0830.2	-5	4.39697e-05	0.0910173	0.00459944	13	ATACGCAGCAGCTGCTCCT	CGGCACCTGCCCC	+
Motif_6	MA0667.1	-6	4.60759e-05	0.095377	0.00459944	10	ATACGCAGCAGCTGCTCCT	AACAGCTGTT	-
Motif_6	MYF6_full	-6	4.60759e-05	0.095377	0.00459944	10	ATACGCAGCAGCTGCTCCT	AACAGCTGTT	-
Motif_6	MA0048.2	-6	5.10909e-05	0.105758	0.0048572	10	ATACGCAGCAGCTGCTCCT	CGCAGCTGCG	+
Motif_6	NHLH1_full	-6	5.10909e-05	0.105758	0.0048572	10	ATACGCAGCAGCTGCTCCT	CGCAGCTGCG	+
Motif_6	MA1529.1	-2	5.86234e-05	0.12135	0.0054437	17	ATACGCAGCAGCTGCTCCT	GGGCCGCAGCTGCGTCCC	+
Motif_6	TCF3_DBD	-6	0.000103111	0.213439	0.00823428	10	ATACGCAGCAGCTGCTCCT	AACACCTGCT	+
Motif_6	MESP1_DBD	-6	0.000103111	0.213439	0.00823428	10	ATACGCAGCAGCTGCTCCT	CACAGGTGTT	-
Motif_6	MA0499.2	-5	0.000116707	0.241584	0.00913731	13	ATACGCAGCAGCTGCTCCT	CAGCACCTGTCCC	+
Motif_6	UP00036_2	-4	0.000176472	0.365296	0.0130489	15	ATACGCAGCAGCTGCTCCT	GGTGCGGCTGTTGCT	-
Motif_6	TCF4_DBD	-6	0.000183025	0.378862	0.0132874	10	ATACGCAGCAGCTGCTCCT	CGCACCTGCT	+
Motif_6	MA1621.1	-4	0.000202895	0.419992	0.0144668	14	ATACGCAGCAGCTGCTCCT	GGGACAGGTGTTCG	-
Motif_6	UP00036_1	-2	0.000220397	0.456221	0.0151729	16	ATACGCAGCAGCTGCTCCT	GAAGAACAGGTGTCCG	+
Motif_6	MA1934.1	-6	0.000220397	0.456221	0.0151729	13	ATACGCAGCAGCTGCTCCT	ACCAGGTGTTTCCGGT	-
Motif_6	MA1648.1	-6	0.000237786	0.492216	0.0158244	11	ATACGCAGCAGCTGCTCCT	CGCACCTGCCG	+
Motif_6	MA1618.1	-4	0.000246618	0.5105	0.0161431	13	ATACGCAGCAGCTGCTCCT	TAAACATCTGTTT	-
Motif_6	NHLH1_DBD	-6	0.000264766	0.548065	0.0170515	10	ATACGCAGCAGCTGCTCCT	CGCAGCTGCG	-
Motif_6	MA0744.2	-1	0.000273258	0.565645	0.0173191	16	ATACGCAGCAGCTGCTCCT	AAAGCAACAGGTGGTT	+
Motif_6	MA1966.1	-6	0.000314853	0.651745	0.0194785	13	ATACGCAGCAGCTGCTCCT	CCCACCTGCTTCCGGC	-
Motif_6	MA1638.1	-6	0.000317086	0.656368	0.0194785	10	ATACGCAGCAGCTGCTCCT	GCCATCTGGT	-
Motif_6	MA0091.1	-6	0.000384633	0.796191	0.0229226	12	ATACGCAGCAGCTGCTCCT	AACAGATGGTCG	-
Motif_6	SCRT1_DBD	-2	0.00046007	0.952344	0.0270151	15	ATACGCAGCAGCTGCTCCT	GAGCAACAGGTGGTT	+
Motif_6	MA1467.2	-5	0.000546193	1.13062	0.0308169	11	ATACGCAGCAGCTGCTCCT	TGCCATCTGTC	-
Motif_6	MA1941.1	-6	0.000547969	1.1343	0.0308169	13	ATACGCAGCAGCTGCTCCT	ACCACCTGTTTCCGGT	-
Motif_6	SCRT2_DBD	-7	0.000626883	1.29765	0.0328462	12	ATACGCAGCAGCTGCTCCT	CCACCTGTTGCAT	-
Motif_6	MA0820.1	-6	0.00063341	1.31116	0.0328462	10	ATACGCAGCAGCTGCTCCT	ACCACCTGTT	+
Motif_6	FIGLA_DBD	-6	0.00063341	1.31116	0.0328462	10	ATACGCAGCAGCTGCTCCT	ACCACCTGTT	+
Motif_6	MA1635.1	-6	0.000688541	1.42528	0.0348012	10	ATACGCAGCAGCTGCTCCT	CGCAGCTGCG	+
Motif_6	TCF4_full	-6	0.000812095	1.68104	0.0404111	10	ATACGCAGCAGCTGCTCCT	CACACCTGCA	+
Motif_6	MA0819.2	-7	0.00095542	1.97772	0.045963	10	ATACGCAGCAGCTGCTCCT	GCACGTGTTT	-
Motif_6	MA0522.3	-6	0.0011056	2.28859	0.0514628	11	ATACGCAGCAGCTGCTCCT	CGCACCTGCCC	+
Motif_6	BHLHE23_DBD	-6	0.00121368	2.51232	0.0538461	10	ATACGCAGCAGCTGCTCCT	ACCATATGTT	+
Motif_6	MA1945.1	-7	0.00129063	2.67159	0.0546092	12	ATACGCAGCAGCTGCTCCT	CCACCTGCTTCCGCC	-
Motif_6	MA0691.1	-6	0.00131294	2.71779	0.0546092	10	ATACGCAGCAGCTGCTCCT	AACAGCTGAT	+
Motif_6	TFAP4_full	-6	0.00131294	2.71779	0.0546092	10	ATACGCAGCAGCTGCTCCT	AACAGCTGAT	+
Motif_6	MA1620.1	-5	0.00140094	2.89994	0.056681	12	ATACGCAGCAGCTGCTCCT	GCACAGGTGTGT	-
Motif_6	MA0058.3	-6	0.00141953	2.93844	0.056681	10	ATACGCAGCAGCTGCTCCT	ACCACGTGCT	+
Motif_6	MA1468.1	-6	0.00141953	2.93844	0.056681	10	ATACGCAGCAGCTGCTCCT	GACATATGTT	-
Motif_6	MAX_DBD_2	-6	0.00141953	2.93844	0.056681	10	ATACGCAGCAGCTGCTCCT	ACCACGTGCT	+
Motif_6	MA1559.1	-6	0.0016567	3.42936	0.0630006	10	ATACGCAGCAGCTGCTCCT	TGCACCTGTT	-
Motif_6	MA0743.2	-1	0.00177685	3.67807	0.0663067	16	ATACGCAGCAGCTGCTCCT	AATTCAACAGGTGGTT	+
Motif_6	MA0461.2	-6	0.00192953	3.99413	0.0706833	10	ATACGCAGCAGCTGCTCCT	AACATATGTT	-
Motif_6	Atoh1_DBD	-6	0.00192953	3.99413	0.0706833	10	ATACGCAGCAGCTGCTCCT	AACATATGTT	-
Motif_6	MA1109.1	-4	0.00197729	4.093	0.0717745	13	ATACGCAGCAGCTGCTCCT	CTGCCATCTGTCC	-
Motif_6	MA0147.3	-5	0.00200236	4.14489	0.0720296	12	ATACGCAGCAGCTGCTCCT	GGCCACGTGCCC	+
Motif_6	UP00060_1	-2	0.002142	4.43395	0.0758382	16	ATACGCAGCAGCTGCTCCT	CCCGACCACGTGGTCA	-
Motif_6	MA1967.1	-6	0.00227842	4.71633	0.0784273	13	ATACGCAGCAGCTGCTCCT	ATCAGCTGTTTCCGGT	-
Motif_6	NEUROG2_DBD	-6	0.00241653	5.00221	0.0804086	10	ATACGCAGCAGCTGCTCCT	GACATATGTT	-
Motif_6	MA1616.1	-4	0.00246392	5.10032	0.0807878	15	ATACGCAGCAGCTGCTCCT	GCTCCAGGTTTTCCT	-
Motif_6	MA1655.1	-7	0.00246839	5.10957	0.0807878	12	ATACGCAGCAGCTGCTCCT	GTGGCTGTTCCC	-
Motif_6	MA0827.1	-6	0.00260237	5.38691	0.0825027	10	ATACGCAGCAGCTGCTCCT	ACCATATGTT	+
Motif_6	OLIG3_DBD	-6	0.00260237	5.38691	0.0825027	10	ATACGCAGCAGCTGCTCCT	ACCATATGTT	+
Motif_6	TFAP4_DBD	-6	0.00260237	5.38691	0.0825027	10	ATACGCAGCAGCTGCTCCT	ATCAGCTGTT	-
Motif_6	UP00046_2	-2	0.0026211	5.42567	0.0825027	17	ATACGCAGCAGCTGCTCCT	CCGGACCATCTGGCCTT	-
Motif_6	MA0825.1	-6	0.00280126	5.79861	0.0853835	10	ATACGCAGCAGCTGCTCCT	ACCACGTGCC	+
Motif_6	MNT_DBD	-6	0.00280126	5.79861	0.0853835	10	ATACGCAGCAGCTGCTCCT	ACCACGTGCC	+
Motif_6	MA0826.1	-6	0.00301403	6.23904	0.0891467	10	ATACGCAGCAGCTGCTCCT	AACATATGTT	-
Motif_6	OLIG1_DBD	-6	0.00301403	6.23904	0.0891467	10	ATACGCAGCAGCTGCTCCT	AACATATGTT	-
Motif_6	MA0782.2	1	0.00316422	6.54994	0.0929008	14	ATACGCAGCAGCTGCTCCT	TTTGAGTGACAGCTA	+
Motif_6	MA1558.1	-6	0.00324156	6.71003	0.0931174	10	ATACGCAGCAGCTGCTCCT	TGCACCTGCC	-
Motif_6	MA1524.2	-3	0.00348334	7.21052	0.0966285	16	ATACGCAGCAGCTGCTCCT	GCCACCATTTGTCTCC	-
Motif_6	CLOCK_DBD	-6	0.00348479	7.21351	0.0966285	10	ATACGCAGCAGCTGCTCCT	AACACGTGTT	+
Motif_6	OLIG2_DBD	-6	0.00348479	7.21351	0.0966285	10	ATACGCAGCAGCTGCTCCT	ACCATATGTT	+
Motif_6	MA1105.2	-6	0.00370974	7.67917	0.101029	12	ATACGCAGCAGCTGCTCCT	AAAACCTGTTTT	-
Motif_6	ID4_DBD	-6	0.00402229	8.32614	0.10779	10	ATACGCAGCAGCTGCTCCT	GACAGGTGTA	-
Motif_6	MA0818.2	-6	0.00431864	8.93958	0.113447	10	ATACGCAGCAGCTGCTCCT	ACCATATGGT	-
Motif_7	MA0154.4	-5	5.6681e-05	0.11733	0.118586	14	CCATAGGTCCCCAGGGAGG	AGTCCCCAGGGGACT	+
Motif_7	MA1604.1	-5	6.16387e-05	0.127592	0.118586	13	CCATAGGTCCCCAGGGAGG	AGTCCCTTGGGAA	-
Motif_7	MA1637.1	-5	0.000164184	0.339861	0.169753	13	CCATAGGTCCCCAGGGAGG	ATTCCCTTGGGAA	-
Motif_7	MA1929.1	11	0.000716195	1.48252	0.411848	19	CCATAGGTCCCCAGGGAGG	CTGCAGTTCCAGCTGTGGCCACCAGGGGGCGCTA	+
Motif_7	EBF1_full	-5	0.000836842	1.73226	0.411848	14	CCATAGGTCCCCAGGGAGG	ATTCCCTTGGGAAT	-
Motif_7	UP00102_1	-6	0.000896256	1.85525	0.411848	13	CCATAGGTCCCCAGGGAGG	CACCCCCGGGGGGG	+
Motif_7	MA0116.1	-5	0.00106203	2.19839	0.43922	14	CCATAGGTCCCCAGGGAGG	GGCACCCAGGGGTGC	+
Motif_7	UP00057_1	-6	0.00128951	2.66928	0.451578	13	CCATAGGTCCCCAGGGAGG	CCCCCCCGGGGGGGT	+
Motif_7	MA0103.3	-8	0.00132344	2.73953	0.451578	11	CCATAGGTCCCCAGGGAGG	GCGCAGGTGGG	-
Motif_7	MA1976.1	5	0.00163087	3.3759	0.451578	19	CCATAGGTCCCCAGGGAGG	CCCTCGCACAGGCCCCCGGGCCCCCCT	-
Motif_7	MA0163.1	-5	0.00163786	3.39038	0.451578	14	CCATAGGTCCCCAGGGAGG	GGGGCCCAAGGGGG	+
Motif_7	MA0139.1	-4	0.00186386	3.8582	0.481772	15	CCATAGGTCCCCAGGGAGG	TGGCCACCAGGGGGCGCTA	+
Motif_7	UP00006_1	-6	0.0022741	4.70738	0.553232	13	CCATAGGTCCCCAGGGAGG	CCCCCCCGGGGGGGT	+
Motif_7	TFAP2A_DBD_3	-7	0.0028868	5.97567	0.66327	12	CCATAGGTCCCCAGGGAGG	TGCCCCGGGGGCA	-
Motif_7	MA1615.1	-3	0.00328477	6.79947	0.668226	13	CCATAGGTCCCCAGGGAGG	CCTGGCCCCAGGG	-
Motif_7	Tp53_DBD_1	-2	0.00412452	8.53775	0.668226	17	CCATAGGTCCCCAGGGAGG	ACATGTCCATGGACATGT	-
Motif_7	TFAP2C_full_2	-5	0.00423701	8.77062	0.668226	13	CCATAGGTCCCCAGGGAGG	TGCCCTCAGGGCA	-
Motif_7	MA1964.1	-8	0.00455288	9.42445	0.668226	10	CCATAGGTCCCCAGGGAGG	TGCCAGACAG	+
Motif_8	MA0081.2	-3	1.82594e-07	0.000377969	0.000753681	16	CAGTTTCAGTTCCTCTTTC	TTTCACTTCCTCTTTT	+
Motif_8	MA1418.1	0	3.05806e-06	0.00633018	0.00420752	19	CAGTTTCAGTTCCTCTTTC	CAGTTTCGGTTTCCGTTTCCC	-
Motif_8	IRF3_full	0	3.05806e-06	0.00633018	0.00420752	19	CAGTTTCAGTTCCTCTTTC	CAGTTTCGGTTTCCGTTTCCC	-
Motif_8	MA0080.6	-3	5.21875e-06	0.0108028	0.00477173	16	CAGTTTCAGTTCCTCTTTC	TTCCACTTCCTCTTTTT	-
Motif_8	MA0050.3	-1	6.58068e-06	0.013622	0.00477173	15	CAGTTTCAGTTCCTCTTTC	ACTTTCAGTTTCATT	-
Motif_8	MA0051.1	-2	8.97844e-06	0.0185854	0.00477173	17	CAGTTTCAGTTCCTCTTTC	GTTTTGCTTTCACTTTCC	-
Motif_8	MA0653.1	-1	9.24835e-06	0.0191441	0.00477173	15	CAGTTTCAGTTCCTCTTTC	AGTTTCGGTTTCGTT	-
Motif_8	IRF9_full	-1	9.24835e-06	0.0191441	0.00477173	15	CAGTTTCAGTTCCTCTTTC	AGTTTCGGTTTCGTT	-
Motif_8	MA0517.1	1	2.45999e-05	0.0509217	0.0112821	14	CAGTTTCAGTTCCTCTTTC	TCAGTTTCATTTTCC	+
Motif_8	MA1623.1	-1	3.06044e-05	0.0633511	0.0126324	13	CAGTTTCAGTTCCTCTTTC	AGTTTCTGTTTCT	-
Motif_8	IRF8_DBD	-1	8.38714e-05	0.173614	0.0314719	14	CAGTTTCAGTTCCTCTTTC	AGTTTCGGTTTCGT	-
Motif_8	IRF5_full_2	0	9.46363e-05	0.195897	0.032552	11	CAGTTTCAGTTCCTCTTTC	TGGTTTCGGTT	-
Motif_8	PRDM1_full	1	0.000147465	0.305252	0.0434993	14	CAGTTTCAGTTCCTCTTTC	TCACTTTCACTTTCT	-
Motif_8	MA1509.1	-1	0.00014754	0.305407	0.0434993	9	CAGTTTCAGTTCCTCTTTC	AGTTTCGGT	-
Motif_8	UP00040_1	1	0.000335967	0.695452	0.0876673	14	CAGTTTCAGTTCCTCTTTC	TTGGTTTCGGTTTAT	-
Motif_8	MA0652.1	-1	0.000361065	0.747404	0.0876673	14	CAGTTTCAGTTCCTCTTTC	AGTTTCGGTTTCGA	-
Motif_8	IRF8_full	-1	0.000361065	0.747404	0.0876673	14	CAGTTTCAGTTCCTCTTTC	AGTTTCGGTTTCGA	-
Motif_8	MA0598.3	-4	0.000409941	0.848578	0.0940049	15	CAGTTTCAGTTCCTCTTTC	CTCACTTCCTGTTTC	+
Motif_8	MA0761.2	-4	0.000444115	0.919318	0.0964814	14	CAGTTTCAGTTCCTCTTTC	TTCACTTCCTGTTT	-
Motif_8	MA1420.1	-1	0.000712138	1.47413	0.139974	14	CAGTTTCAGTTCCTCTTTC	AGTTTCGGTTTCGG	-
Motif_8	IRF5_full_1	-1	0.000712138	1.47413	0.139974	14	CAGTTTCAGTTCCTCTTTC	AGTTTCGGTTTCGG	-
Motif_8	MA0062.3	-4	0.00105496	2.18377	0.197931	14	CAGTTTCAGTTCCTCTTTC	CCCACTTCCTGTTT	+
Motif_8	UP00086_1	0	0.00112517	2.3291	0.201926	14	CAGTTTCAGTTCCTCTTTC	CAGTTTCGGTTCTC	-
Motif_8	MA1419.1	0	0.0014482	2.99777	0.239106	15	CAGTTTCAGTTCCTCTTTC	TAGTTTCGGTTTCGG	-
Motif_8	IRF4_full	0	0.0014482	2.99777	0.239106	15	CAGTTTCAGTTCCTCTTTC	TAGTTTCGGTTTCGG	-
Motif_8	MA1508.1	-7	0.00210012	4.34724	0.333404	12	CAGTTTCAGTTCCTCTTTC	ACTTCCTGTTTC	-
Motif_8	UP00074_1	1	0.00219726	4.54832	0.335907	14	CAGTTTCAGTTCCTCTTTC	TTAGTTTCGATTTTG	-
Motif_8	MA0473.3	-4	0.00253061	5.23837	0.373052	14	CAGTTTCAGTTCCTCTTTC	CCCACTTCCTGTTT	-
Motif_8	UP00018_1	-4	0.00368806	7.63427	0.519509	15	CAGTTTCAGTTCCTCTTTC	TTTGGTTTCGATACG	-
Motif_8	UP00085_1	-5	0.00383797	7.94459	0.519509	14	CAGTTTCAGTTCCTCTTTC	TAACTTCCTCTTAA	-
Motif_8	MA1709.1	1	0.00390169	8.07651	0.519509	14	CAGTTTCAGTTCCTCTTTC	TAGGTTTCTGTTGCT	-
Motif_8	MA1646.1	0	0.00407797	8.4414	0.526012	12	CAGTTTCAGTTCCTCTTTC	CTGCTTCTGTTT	-
Motif_8	SPIB_DBD	-6	0.00456931	9.45847	0.571529	13	CAGTTTCAGTTCCTCTTTC	TACTTCCGCTTTTT	-
Motif_9	PAX5_DBD	-1	3.10927e-09	6.4362e-06	1.28724e-05	18	AGACCACTGATGCGTAACA	GAGCACTCATGCGTGACG	-
Motif_9	PAX2_DBD	-1	2.58657e-08	5.3542e-05	5.3542e-05	18	AGACCACTGATGCGTAACA	GAGCAGTCAAGCGTGACG	-
Motif_9	PAX6_DBD	0	9.0982e-07	0.00188333	0.00100678	19	AGACCACTGATGCGTAACA	TGTGCAGTCATGCGTGAAA	-
Motif_9	MA0069.1	-4	9.7273e-07	0.00201355	0.00100678	14	AGACCACTGATGCGTAACA	AACTCATGCGTGAA	-
Motif_9	MA0779.1	-2	7.91415e-06	0.0163823	0.00546076	17	AGACCACTGATGCGTAACA	TGCAGTCATGCGTGACG	-
Motif_9	PAX1_DBD	-2	7.91415e-06	0.0163823	0.00546076	17	AGACCACTGATGCGTAACA	TGCAGTCATGCGTGACG	-
Motif_9	MA0067.2	-3	1.21351e-05	0.0251197	0.00717704	16	AGACCACTGATGCGTAACA	TCAGTGAAGCGTGACGA	+
Motif_9	MA0781.1	-2	3.80282e-05	0.0787184	0.017493	17	AGACCACTGATGCGTAACA	TGCAGTCATGCGTGACG	-
Motif_9	PAX9_DBD	-2	3.80282e-05	0.0787184	0.017493	17	AGACCACTGATGCGTAACA	TGCAGTCATGCGTGACG	-
Motif_9	UP00017_1	2	0.00137869	2.8539	0.570779	15	AGACCACTGATGCGTAACA	CTTAACCACTTAAGGAT	+
Motif_9	TBX1_DBD_4	4	0.00191241	3.95869	0.719762	19	AGACCACTGATGCGTAACA	TCTCACACCTCTGAGGTGTGAAA	-
Motif_9	MA0841.1	-1	0.00315015	6.52081	1	11	AGACCACTGATGCGTAACA	CATGACTCATC	+
Motif_9	NFE2_DBD	-1	0.00315015	6.52081	1	11	AGACCACTGATGCGTAACA	CATGACTCATC	+
Motif_9	MA1645.1	0	0.00394079	8.15743	1	14	AGACCACTGATGCGTAACA	TAACCACTCAAGAA	+
Motif_10	MA1982.1	-1	4.37123e-05	0.0904844	0.0929236	15	GTGGCCAGAGCGGCGGGCA	GGGCTAGAGCGGCCC	+
Motif_10	MA1713.1	-3	4.52893e-05	0.0937489	0.0929236	14	GTGGCCAGAGCGGCGGGCA	GGGGGAGCGGCGGG	-
Motif_10	MA0814.2	-1	0.000137253	0.284114	0.176888	14	GTGGCCAGAGCGGCGGGCA	GGGCCTGAGGCGGG	+
Motif_10	MA0146.2	0	0.000172424	0.356918	0.176888	14	GTGGCCAGAGCGGCGGGCA	CAGGCCTCGGCCCC	-
Motif_10	MA0696.1	-5	0.000290041	0.600384	0.180008	14	GTGGCCAGAGCGGCGGGCA	CACAGCGGGGGGTC	-
Motif_10	ZIC1_full	-5	0.000290041	0.600384	0.180008	14	GTGGCCAGAGCGGCGGGCA	CACAGCGGGGGGTC	-
Motif_10	MA1615.1	1	0.000307065	0.635624	0.180008	12	GTGGCCAGAGCGGCGGGCA	CCTGGCCCCAGGG	-
Motif_10	UP00102_1	-4	0.000592355	1.22618	0.303845	14	GTGGCCAGAGCGGCGGGCA	CCCCCCCGGGGGTG	-
Motif_10	MA1650.1	-3	0.000935218	1.9359	0.377629	12	GTGGCCAGAGCGGCGGGCA	GGGTGCGCGGGG	-
Motif_10	MA0139.1	-1	0.0010082	2.08698	0.377629	18	GTGGCCAGAGCGGCGGGCA	TGGCCACCAGGGGGCGCTA	+
Motif_10	MA1929.1	14	0.00105048	2.1745	0.377629	19	GTGGCCAGAGCGGCGGGCA	CTGCAGTTCCAGCTGTGGCCACCAGGGGGCGCTA	+
Motif_10	MA1964.1	-2	0.0011043	2.2859	0.377629	10	GTGGCCAGAGCGGCGGGCA	TGCCAGACAG	+
Motif_10	Zic3_DBD	-4	0.00158366	3.27817	0.433347	15	GTGGCCAGAGCGGCGGGCA	GCACAGCGGGGGGTC	-
Motif_10	UP00006_1	-3	0.00168636	3.49077	0.433347	15	GTGGCCAGAGCGGCGGGCA	ACCCCCCCGGGGGGG	-
Motif_10	MA1990.1	1	0.00173727	3.59615	0.433347	13	GTGGCCAGAGCGGCGGGCA	CGAGACCACCCAGG	+
Motif_10	MA0751.1	-4	0.00179525	3.71617	0.433347	15	GTGGCCAGAGCGGCGGGCA	GCACAGCGGGGGGTC	-
Motif_10	ZIC4_DBD	-4	0.00179525	3.71617	0.433347	15	GTGGCCAGAGCGGCGGGCA	GCACAGCGGGGGGTC	-
Motif_10	MA1930.1	12	0.00203453	4.21148	0.461138	19	GTGGCCAGAGCGGCGGGCA	TAGCGCCCCCTAGTGGCCAGAAGGGGGAACTGCAG	-
Motif_10	MA0734.3	0	0.00219171	4.53684	0.461138	13	GTGGCCAGAGCGGCGGGCA	GAGACCACCCAGG	+
Motif_10	MA1976.1	11	0.00246948	5.11183	0.461138	16	GTGGCCAGAGCGGCGGGCA	AGGGGGGCCCGGGGGCCTGTGCGAGTG	+
Motif_10	MA1710.1	2	0.00253495	5.24735	0.461138	10	GTGGCCAGAGCGGCGGGCA	GAGAGGCAAGGG	+
Motif_10	MA1721.1	1	0.00257237	5.32481	0.461138	15	GTGGCCAGAGCGGCGGGCA	GGCAGCGGCAGCGGCG	+
Motif_10	UP00057_1	-3	0.00259881	5.37955	0.461138	15	GTGGCCAGAGCGGCGGGCA	ACCCCCCCGGGGGGG	-
Motif_10	MA1529.1	-1	0.00269701	5.58281	0.461138	18	GTGGCCAGAGCGGCGGGCA	GGGCCGCAGCTGCGTCCC	+
Motif_10	UP00000_2	-5	0.0030344	6.28122	0.497959	14	GTGGCCAGAGCGGCGGGCA	CAGAGTGGCGGGGCGTA	-
Motif_10	MA0742.2	-9	0.0032764	6.78215	0.497959	9	GTGGCCAGAGCGGCGGGCA	GGGGCGGGG	+
Motif_10	MA1109.1	-2	0.00344739	7.13611	0.505235	13	GTGGCCAGAGCGGCGGGCA	GGACAGATGGCAG	+
Motif_10	ZIC3_full	-4	0.00372752	7.71597	0.52349	15	GTGGCCAGAGCGGCGGGCA	GCGCAGCGGGGGGTC	-
Motif_10	MA0003.4	-1	0.00394134	8.15858	0.52349	14	GTGGCCAGAGCGGCGGGCA	TGGCCTGAGGCAAT	-
Motif_10	MA0597.2	-4	0.00406071	8.40567	0.52349	12	GTGGCCAGAGCGGCGGGCA	CCTGCCCTGCGC	-
Motif_10	MA1511.2	-9	0.00416006	8.61132	0.52349	9	GTGGCCAGAGCGGCGGGCA	GGGGCGGGG	+
Motif_10	MA0748.2	-4	0.00423355	8.76346	0.52349	11	GTGGCCAGAGCGGCGGGCA	AGATGGCGGCG	+
Motif_10	MA0516.3	-9	0.00450003	9.31506	0.527603	9	GTGGCCAGAGCGGCGGGCA	GGGGCGGGG	+
Motif_11	MA0779.1	1	3.44449e-08	7.1301e-05	7.1301e-05	16	GTTACGCTTGACTGGCCTT	CGTCACGCATGACTGCA	+
Motif_11	PAX1_DBD	1	3.44449e-08	7.1301e-05	7.1301e-05	16	GTTACGCTTGACTGGCCTT	CGTCACGCATGACTGCA	+
Motif_11	PAX2_DBD	1	1.01263e-07	0.000209614	0.00010805	17	GTTACGCTTGACTGGCCTT	CGTCACGCTTGACTGCTC	+
Motif_11	MA0069.1	0	1.04396e-07	0.000216101	0.00010805	14	GTTACGCTTGACTGGCCTT	TTCACGCATGAGTT	+
Motif_11	PAX5_DBD	1	1.37485e-07	0.000284594	0.000113838	17	GTTACGCTTGACTGGCCTT	CGTCACGCATGAGTGCTC	+
Motif_11	MA0781.1	1	3.11299e-07	0.000644389	0.000175339	16	GTTACGCTTGACTGGCCTT	CGTCACGCATGACTGCA	+
Motif_11	PAX9_DBD	1	3.11299e-07	0.000644389	0.000175339	16	GTTACGCTTGACTGGCCTT	CGTCACGCATGACTGCA	+
Motif_11	PAX6_DBD	1	3.38819e-07	0.000701355	0.000175339	18	GTTACGCTTGACTGGCCTT	TTTCACGCATGACTGCACA	+
Motif_11	MA0067.2	2	8.91581e-07	0.00184557	0.000410127	15	GTTACGCTTGACTGGCCTT	TCGTCACGCTTCACTGA	-
Motif_11	ESRRA_DBD_5	-2	0.000300544	0.622127	0.124425	17	GTTACGCTTGACTGGCCTT	TGACCTTGAATGACCTT	-
Motif_11	ESRRG_full_2	-2	0.000391918	0.81127	0.147504	17	GTTACGCTTGACTGGCCTT	TGACCTTGACTGACCTT	-
Motif_11	Esrra_DBD_1	-2	0.00074736	1.54704	0.257839	17	GTTACGCTTGACTGGCCTT	TGACCTTGACTGACCTA	-
Motif_11	ESRRA_DBD_2	-2	0.00156918	3.2482	0.499723	17	GTTACGCTTGACTGGCCTT	TGACCTTGAATGACCTT	-
Motif_12	MA0074.1	-3	0.000156267	0.323474	0.521817	15	ACTGGGTCAGCGGGCTCCC	GGGTCATCGGGTTCA	+
Motif_12	MA0066.1	0	0.000466512	0.96568	0.521817	19	ACTGGGTCAGCGGGCTCCC	AGTAGGTCACCGTGACCTAC	-
Motif_12	MA0131.2	-1	0.000947162	1.96062	0.521817	12	ACTGGGTCAGCGGGCTCCC	CAACGTCCGCGG	+
Motif_12	HINFP1_full_1	-1	0.000947162	1.96062	0.521817	12	ACTGGGTCAGCGGGCTCCC	CAACGTCCGCGG	+
Motif_12	MA0504.1	-1	0.00099179	2.053	0.521817	15	ACTGGGTCAGCGGGCTCCC	AGGGGTCAGAGGTCA	+
Motif_12	MA1532.2	-2	0.00099179	2.053	0.521817	15	ACTGGGTCAGCGGGCTCCC	TGGGTTAGTAGGTCA	+
Motif_12	MA0258.2	-3	0.00113327	2.34587	0.521817	15	ACTGGGTCAGCGGGCTCCC	AGGTCAGGGTGACCT	-
Motif_12	MA1539.1	-2	0.00121089	2.50655	0.521817	15	ACTGGGTCAGCGGGCTCCC	AAGGTCAGTGACCTT	-
Motif_12	MA1650.1	-3	0.0012637	2.61585	0.521817	12	ACTGGGTCAGCGGGCTCCC	GGGTGCGCGGGG	-
Motif_12	MA0065.2	-1	0.00157382	3.2578	0.590795	15	ACTGGGTCAGCGGGCTCCC	GTAGGGCAAAGGTCA	+
Motif_12	MAFK_full_2	2	0.00246234	5.09705	0.752838	13	ACTGGGTCAGCGGGCTCCC	ATGCTGAGTCAGCGA	+
Motif_12	MA1147.1	-2	0.00315952	6.5402	0.752838	15	ACTGGGTCAGCGGGCTCCC	GGGGTCAATGACCTC	-
Motif_12	MA1538.1	-2	0.00357263	7.39534	0.752838	15	ACTGGGTCAGCGGGCTCCC	AAGGTCATTGACCTT	+
Motif_12	MA0115.1	-1	0.00375707	7.77712	0.752838	17	ACTGGGTCAGCGGGCTCCC	AAAGGTCAAAGGTCAAC	+
Motif_12	RORA_DBD_2	2	0.00414347	8.57697	0.752838	17	ACTGGGTCAGCGGGCTCCC	TAACTAGGTTAGTAGGTCA	+
Motif_12	MA1146.1	-2	0.00428645	8.87295	0.752838	15	ACTGGGTCAGCGGGCTCCC	AAGGTCAATGACCTC	-
Motif_12	EN2_full	-4	0.0044135	9.13595	0.752838	10	ACTGGGTCAGCGGGCTCCC	GCTAATTGGG	-
Motif_13	MA0517.1	0	4.36595e-05	0.0903752	0.180298	15	AGGAACTGAAACCAAAGGT	GGAAAATGAAACTGA	-
Motif_13	IRF5_full_2	-3	0.000101682	0.210481	0.200909	11	AGGAACTGAAACCAAAGGT	AACCGAAACCA	+
Motif_13	MA1971.1	-2	0.0002496	0.516672	0.200909	14	AGGAACTGAAACCAAAGGT	GCAACGAAACCAGG	+
Motif_13	UP00040_1	0	0.000254192	0.526178	0.200909	15	AGGAACTGAAACCAAAGGT	ATAAACCGAAACCAA	+
Motif_13	MA1623.1	0	0.000275864	0.571038	0.200909	13	AGGAACTGAAACCAAAGGT	AGAAACAGAAACT	+
Motif_13	MA1709.1	0	0.000291902	0.604236	0.200909	15	AGGAACTGAAACCAAAGGT	AGCAACAGAAACCTA	+
Motif_13	MA1418.1	1	0.000469003	0.970836	0.242102	19	AGGAACTGAAACCAAAGGT	GGGAAACGGAAACCGAAACTG	+
Motif_13	IRF3_full	1	0.000469003	0.970836	0.242102	19	AGGAACTGAAACCAAAGGT	GGGAAACGGAAACCGAAACTG	+
Motif_13	MA0081.2	5	0.000604916	1.25218	0.252562	11	AGGAACTGAAACCAAAGGT	AAAAGAGGAAGTGAAA	-
Motif_13	MA0050.3	-4	0.000611584	1.26598	0.252562	15	AGGAACTGAAACCAAAGGT	AATGAAACTGAAAGT	+
Motif_13	PRDM1_full	0	0.000743583	1.53922	0.279158	15	AGGAACTGAAACCAAAGGT	AGAAAGTGAAAGTGA	+
Motif_13	UP00018_1	-1	0.00109034	2.257	0.308409	15	AGGAACTGAAACCAAAGGT	CGTATCGAAACCAAA	+
Motif_13	MA0051.1	0	0.0011435	2.36704	0.308409	18	AGGAACTGAAACCAAAGGT	GGAAAGCGAAACCAAAAC	+
Motif_13	RARG_DBD_2	-3	0.0012115	2.50781	0.308409	16	AGGAACTGAAACCAAAGGT	AAGGTCAACTAAAGGTCA	+
Motif_13	MA1419.1	1	0.00123583	2.55816	0.308409	14	AGGAACTGAAACCAAAGGT	CCGAAACCGAAACTA	+
Motif_13	IRF4_full	1	0.00123583	2.55816	0.308409	14	AGGAACTGAAACCAAAGGT	CCGAAACCGAAACTA	+
Motif_13	UP00061_1	-2	0.00126959	2.62805	0.308409	17	AGGAACTGAAACCAAAGGT	TAAATGTAAACAAAGGT	+
Motif_13	UP00025_1	-2	0.00134664	2.78753	0.308952	17	AGGAACTGAAACCAAAGGT	AAAATGTAAACAAACAG	+
Motif_13	RARG_full_2	-3	0.001706	3.53142	0.352259	16	AGGAACTGAAACCAAAGGT	AAGGTCAAGCAAAGGTCA	+
Motif_13	Rarg_DBD_2	-3	0.001706	3.53142	0.352259	16	AGGAACTGAAACCAAAGGT	AAGGTCATCTAAAGGTCA	+
Motif_13	MA1119.1	-3	0.00193919	4.01412	0.381341	16	AGGAACTGAAACCAAAGGT	AACTGAAACCTGATAC	+
Motif_13	IRF8_DBD	1	0.00238734	4.94179	0.44813	13	AGGAACTGAAACCAAAGGT	ACGAAACCGAAACT	+
Motif_13	MA0640.2	3	0.00323697	6.70054	0.581198	11	AGGAACTGAAACCAAAGGT	ACCAGGAAGTGGAA	-
Motif_13	UP00074_1	0	0.00364046	7.53575	0.626409	15	AGGAACTGAAACCAAAGGT	CAAAATCGAAACTAA	+
Motif_13	MA0668.2	0	0.00385666	7.98328	0.637066	15	AGGAACTGAAACCAAAGGT	GGGAACAGATGGTCA	+
Motif_13	MA1509.1	-4	0.00438001	9.06661	0.639334	9	AGGAACTGAAACCAAAGGT	ACCGAAACT	+
Motif_13	UP00086_1	0	0.00461985	9.56309	0.639334	14	AGGAACTGAAACCAAAGGT	GAGAACCGAAACTG	+
Motif_13	MA1420.1	-5	0.00461985	9.56309	0.639334	14	AGGAACTGAAACCAAAGGT	CCGAAACCGAAACT	+
Motif_13	IRF5_full_1	-5	0.00461985	9.56309	0.639334	14	AGGAACTGAAACCAAAGGT	CCGAAACCGAAACT	+
Motif_13	RARA_full_3	-4	0.00464447	9.61405	0.639334	15	AGGAACTGAAACCAAAGGT	AGGTCAACTAAAGGTCA	+
Motif_14	MA0065.2	-3	0.000579157	1.19886	0.899854	15	GGCTGGCCTGTCCAGCAGC	TGACCTTTGCCCTAC	-
Motif_14	MA0159.1	-3	0.000654262	1.35432	0.899854	16	GGCTGGCCTGTCCAGCAGC	TGACCTCTCCATGACCT	-
Motif_14	MA1583.1	-6	0.000848926	1.75728	0.899854	13	GGCTGGCCTGTCCAGCAGC	GCATTGCCGCAGT	+
Motif_14	MA1728.1	-7	0.000869424	1.79971	0.899854	12	GGCTGGCCTGTCCAGCAGC	CTGGGCAGCAGC	-
Motif_14	MA0597.2	-1	0.00189771	3.92825	1	12	GGCTGGCCTGTCCAGCAGC	CCTGCCCTGCGC	-
Motif_14	MA0730.1	-3	0.00212757	4.40407	1	16	GGCTGGCCTGTCCAGCAGC	TGACCTTTGCATGACCT	-
Motif_14	RARA_DBD_3	-3	0.00212757	4.40407	1	16	GGCTGGCCTGTCCAGCAGC	TGACCTTTGCATGACCT	-
Motif_14	UP00065_2	-2	0.00384563	7.96045	1	14	GGCTGGCCTGTCCAGCAGC	ACGCACTGCGCGGC	-
Motif_14	MA0502.2	-2	0.00396641	8.21046	1	12	GGCTGGCCTGTCCAGCAGC	CTGGCCAATGAG	-
Motif_14	MA1635.1	-10	0.00407416	8.43352	1	9	GGCTGGCCTGTCCAGCAGC	CGCAGCTGCG	+
Motif_15	MA0797.1	0	0.000269345	0.557545	0.116867	12	TGGCCTCTGTCTCGGTTCC	TGACAGCTGTCA	+
Motif_15	TGIF2_DBD	0	0.000269345	0.557545	0.116867	12	TGGCCTCTGTCTCGGTTCC	TGACAGCTGTCA	+
Motif_15	MYBL2_DBD_2	0	0.000282508	0.584791	0.116867	16	TGGCCTCTGTCTCGGTTCC	TAACGGTTTTAACGGT	-
Motif_15	MA0796.1	0	0.000291109	0.602595	0.116867	12	TGGCCTCTGTCTCGGTTCC	TGACAGCTGTCA	+
Motif_15	TGIF1_DBD	0	0.000291109	0.602595	0.116867	12	TGGCCTCTGTCTCGGTTCC	TGACAGCTGTCA	+
Motif_15	MA1571.1	0	0.000339843	0.703475	0.116867	12	TGGCCTCTGTCTCGGTTCC	TGACAGCTGTCA	-
Motif_15	MA1572.1	0	0.000339843	0.703475	0.116867	12	TGGCCTCTGTCTCGGTTCC	TGACAGCTGTCA	-
Motif_15	TGIF2LX_full	0	0.000396337	0.820417	0.116867	12	TGGCCTCTGTCTCGGTTCC	TGACAGCTGTCA	+
Motif_15	MA1485.1	1	0.000397042	0.821876	0.116867	13	TGGCCTCTGTCTCGGTTCC	GCAACAGCTGTTAC	+
Motif_15	PKNOX1_DBD	0	0.00072415	1.49899	0.174541	12	TGGCCTCTGTCTCGGTTCC	TGACAGGTGTCA	+
Motif_15	MEIS2_DBD_1	1	0.00108818	2.25253	0.210164	13	TGGCCTCTGTCTCGGTTCC	TTGACAGCTGTCAA	+
Motif_15	Meis3_DBD_2	0	0.00112134	2.32116	0.210164	12	TGGCCTCTGTCTCGGTTCC	TGACAGGTGTCA	+
Motif_15	MYBL1_DBD_4	-1	0.00120377	2.4918	0.210164	17	TGGCCTCTGTCTCGGTTCC	GGCCGTTATAACCGTTA	+
Motif_15	Meis2_DBD_2	0	0.00138697	2.87103	0.210164	12	TGGCCTCTGTCTCGGTTCC	TGACAGGTGTCA	+
Motif_15	MA1100.2	-1	0.00142503	2.94982	0.210164	10	TGGCCTCTGTCTCGGTTCC	GGCAGCTGCC	+
Motif_15	MA0665.1	-1	0.00142503	2.94982	0.210164	10	TGGCCTCTGTCTCGGTTCC	AACAGCTGTT	-
Motif_15	MSC_full	-1	0.00142503	2.94982	0.210164	10	TGGCCTCTGTCTCGGTTCC	AACAGCTGTT	-
Motif_15	NFIX_full_1	-6	0.00146958	3.04203	0.210164	13	TGGCCTCTGTCTCGGTTCC	TTGGCACGGTGCCAA	+
Motif_15	MEIS3_DBD_2	0	0.00148744	3.07899	0.210164	12	TGGCCTCTGTCTCGGTTCC	TGACAGGTGTCA	+
Motif_15	Pknox2_DBD	0	0.00148744	3.07899	0.210164	12	TGGCCTCTGTCTCGGTTCC	TGACAGGTGTCA	+
Motif_15	ID4_DBD	-1	0.00181214	3.75114	0.222974	10	TGGCCTCTGTCTCGGTTCC	GACAGGTGTA	-
Motif_15	MA0783.1	0	0.00195902	4.05517	0.222974	12	TGGCCTCTGTCTCGGTTCC	TGACAGGTGTCA	+
Motif_15	PKNOX2_DBD	0	0.00195902	4.05517	0.222974	12	TGGCCTCTGTCTCGGTTCC	TGACAGGTGTCA	+
Motif_15	MA1967.1	-1	0.00229226	4.74497	0.234812	16	TGGCCTCTGTCTCGGTTCC	ATCAGCTGTTTCCGGT	-
Motif_15	MA0667.1	-1	0.00266694	5.52057	0.260185	10	TGGCCTCTGTCTCGGTTCC	AACAGCTGTT	-
Motif_15	MYF6_full	-1	0.00266694	5.52057	0.260185	10	TGGCCTCTGTCTCGGTTCC	AACAGCTGTT	-
Motif_15	SNAI2_DBD	-1	0.00310873	6.43506	0.283066	9	TGGCCTCTGTCTCGGTTCC	AACAGGTGT	+
Motif_15	MA0499.2	0	0.00345098	7.14354	0.284165	13	TGGCCTCTGTCTCGGTTCC	CAGCACCTGTCCC	+
Motif_15	MA0832.1	1	0.00355638	7.36171	0.284165	13	TGGCCTCTGTCTCGGTTCC	ACAACAGCTGTTGC	-
Motif_15	Tcf21_DBD	1	0.00355638	7.36171	0.284165	13	TGGCCTCTGTCTCGGTTCC	ACAACAGCTGTTGC	-
Motif_15	MA0816.1	-1	0.00357697	7.40432	0.284165	10	TGGCCTCTGTCTCGGTTCC	AGCAGCTGCT	-
Motif_15	Ascl2_DBD	-1	0.00357697	7.40432	0.284165	10	TGGCCTCTGTCTCGGTTCC	AGCAGCTGCT	-
Motif_15	MA1934.1	-1	0.00381894	7.90521	0.284165	16	TGGCCTCTGTCTCGGTTCC	ACCAGGTGTTTCCGGT	-
Motif_15	MA1642.1	0	0.00390735	8.08822	0.284165	13	TGGCCTCTGTCTCGGTTCC	TGCCATCTGTTCC	-
Motif_15	MA0669.1	-1	0.00412279	8.53418	0.284165	10	TGGCCTCTGTCTCGGTTCC	AACATATGTC	+
Motif_15	NEUROG2_full	-1	0.00412279	8.53418	0.284165	10	TGGCCTCTGTCTCGGTTCC	AACATATGTC	+
Motif_15	UP00193_2	0	0.00416106	8.6134	0.284165	17	TGGCCTCTGTCTCGGTTCC	AGGACGCTGTAAAGGGA	+
Motif_15	MA1993.1	-1	0.00442177	9.15307	0.28759	10	TGGCCTCTGTCTCGGTTCC	GCCAGCTGGC	+
Motif_16	MA0830.2	-4	3.4192e-06	0.00707775	0.00498966	13	CGGGGGCCCCCTGCCCCGC	CGGCACCTGCCCC	+
Motif_16	MA0522.3	-5	4.04179e-06	0.0083665	0.00498966	11	CGGGGGCCCCCTGCCCCGC	CGCACCTGCCC	+
Motif_16	MA1712.1	-3	4.47395e-06	0.00926108	0.00498966	16	CGGGGGCCCCCTGCCCCGC	AGGCTCCGGGCCCCGGGG	+
Motif_16	MA0147.3	-4	5.0765e-06	0.0105083	0.00498966	12	CGGGGGCCCCCTGCCCCGC	GGCCACGTGCCC	+
Motif_16	MA1648.1	-5	7.29367e-06	0.0150979	0.00573513	11	CGGGGGCCCCCTGCCCCGC	CGCACCTGCCG	+
Motif_16	MA0103.3	-5	9.17185e-06	0.0189857	0.00600997	11	CGGGGGCCCCCTGCCCCGC	CCCACCTGCGC	+
Motif_16	MA1522.1	-5	1.59765e-05	0.0330713	0.00897326	11	CGGGGGCCCCCTGCCCCGC	CGCCCCTCCCC	+
Motif_16	MA1653.1	-5	2.29721e-05	0.0475522	0.0108704	12	CGGGGGCCCCCTGCCCCGC	CCCCCCTCCCCC	+
Motif_16	MA1986.1	-1	2.76489e-05	0.0572333	0.0108704	10	CGGGGGCCCCCTGCCCCGC	GGGGCCCACC	+
Motif_16	UP00088_1	2	3.18795e-05	0.0659906	0.0111266	14	CGGGGGCCCCCTGCCCCGC	TTGGGGGCGCCCCTAG	+
Motif_16	MA1102.2	-3	3.67909e-05	0.0761571	0.0111266	12	CGGGGGCCCCCTGCCCCGC	GCGCCCCCTGCT	-
Motif_16	MA1961.1	-6	3.67909e-05	0.0761571	0.0111266	12	CGGGGGCCCCCTGCCCCGC	CCCCCGCCCCCC	-
Motif_16	MA0104.4	-4	5.80779e-05	0.120221	0.0152225	12	CGGGGGCCCCCTGCCCCGC	GGCCACGTGGCC	+
Motif_16	MA1548.1	-2	8.10318e-05	0.167736	0.0199114	10	CGGGGGCCCCCTGCCCCGC	TGGGCCCCCT	+
Motif_16	MA1631.1	-4	9.55994e-05	0.197891	0.0204211	13	CGGGGGCCCCCTGCCCCGC	CAGCACCTGCCCC	+
Motif_16	MA1630.2	-5	9.86884e-05	0.204285	0.0204211	12	CGGGGGCCCCCTGCCCCGC	CTCCCCTCCCCC	-
Motif_16	MA0696.1	-4	0.000128926	0.266877	0.0214508	14	CGGGGGCCCCCTGCCCCGC	GACCCCCCGCTGTG	+
Motif_16	ZIC1_full	-4	0.000128926	0.266877	0.0214508	14	CGGGGGCCCCCTGCCCCGC	GACCCCCCGCTGTG	+
Motif_16	MA1513.1	-6	0.000129729	0.268538	0.0214508	11	CGGGGGCCCCCTGCCCCGC	GCCCCGCCCCC	+
Motif_16	MA0066.1	1	0.000142091	0.294128	0.0214508	19	CGGGGGCCCCCTGCCCCGC	AGTAGGTCACCGTGACCTAC	-
Motif_16	ZIC3_full	-4	0.00014437	0.298845	0.0214508	15	CGGGGGCCCCCTGCCCCGC	GACCCCCCGCTGCGC	+
Motif_16	Zic3_DBD	-4	0.00014437	0.298845	0.0214508	15	CGGGGGCCCCCTGCCCCGC	GACCCCCCGCTGTGC	+
Motif_16	MA1099.2	-5	0.000216599	0.448359	0.0293646	10	CGGGGGCCCCCTGCCCCGC	GCCACGTGCC	-
Motif_16	MA0751.1	-4	0.000235698	0.487895	0.0298924	15	CGGGGGCCCCCTGCCCCGC	GACCCCCCGCTGTGC	+
Motif_16	ZIC4_DBD	-4	0.000235698	0.487895	0.0298924	15	CGGGGGCCCCCTGCCCCGC	GACCCCCCGCTGTGC	+
Motif_16	MA0146.2	-3	0.000268748	0.556308	0.0321638	14	CGGGGGCCCCCTGCCCCGC	CAGGCCTCGGCCCC	-
Motif_16	MA0597.2	-4	0.000269969	0.558836	0.0321638	12	CGGGGGCCCCCTGCCCCGC	CCTGCCCTGCGC	-
Motif_16	MA1584.1	-3	0.000279078	0.577692	0.0322711	16	CGGGGGCCCCCTGCCCCGC	CGACCCCCCGCTGTGC	+
Motif_16	MA1529.1	-1	0.00032651	0.675876	0.0366772	18	CGGGGGCCCCCTGCCCCGC	GGGACGCAGCTGCGGCCC	-
Motif_16	MA0821.2	-5	0.000344565	0.71325	0.0376302	10	CGGGGGCCCCCTGCCCCGC	GGCACGTGCC	+
Motif_16	MA1976.1	1	0.000406839	0.842157	0.0406032	19	CGGGGGCCCCCTGCCCCGC	AGGGGGGCCCGGGGGCCTGTGCGAGTG	+
Motif_16	MA0823.1	-5	0.000413098	0.855113	0.0406032	10	CGGGGGCCCCCTGCCCCGC	GACACGTGCC	+
Motif_16	HEY1_DBD	-5	0.000413098	0.855113	0.0406032	10	CGGGGGCCCCCTGCCCCGC	GACACGTGCC	+
Motif_16	MA0697.2	-5	0.00048214	0.99803	0.0451327	13	CGGGGGCCCCCTGCCCCGC	GCCTCCTGCTGTG	-
Motif_16	MA0616.2	-5	0.000494159	1.02291	0.0451743	10	CGGGGGCCCCCTGCCCCGC	GGCACGTGCC	-
Motif_16	MA1511.2	-8	0.000523853	1.08438	0.0451743	9	CGGGGGCCCCCTGCCCCGC	CCCCGCCCC	-
Motif_16	MA0258.2	-2	0.000528644	1.09429	0.0451743	15	CGGGGGCCCCCTGCCCCGC	AGGTCACCCTGACCT	+
Motif_16	MA0065.2	-4	0.000528644	1.09429	0.0451743	15	CGGGGGCCCCCTGCCCCGC	TGACCTTTGCCCTAC	-
Motif_16	MA1982.1	-2	0.000602511	1.2472	0.04857	15	CGGGGGCCCCCTGCCCCGC	GGGCCGCTCTAGCCC	-
Motif_16	MA1713.1	-3	0.000621891	1.28731	0.04857	14	CGGGGGCCCCCTGCCCCGC	CCCGCCGCTCCCCC	+
Motif_16	MA0742.2	-8	0.000630044	1.30419	0.04857	9	CGGGGGCCCCCTGCCCCGC	CCCCGCCCC	-
Motif_16	MA1100.2	-5	0.000643968	1.33301	0.0486887	10	CGGGGGCCCCCTGCCCCGC	GGCAGCTGCC	-
Motif_16	HEY2_DBD	-5	0.0007663	1.58624	0.055792	10	CGGGGGCCCCCTGCCCCGC	GACACGTGCC	+
Motif_16	MA1628.1	-7	0.000932616	1.93052	0.0606951	11	CGGGGGCCCCCTGCCCCGC	CCCCTGCTGTG	-
Motif_16	MA0649.1	-5	0.000990724	2.0508	0.0606951	10	CGGGGGCCCCCTGCCCCGC	GACACGTGCC	+
Motif_16	MA1106.1	-6	0.000990724	2.0508	0.0606951	10	CGGGGGCCCCCTGCCCCGC	GTACGTGCCC	+
Motif_16	HEY2_full	-5	0.000990724	2.0508	0.0606951	10	CGGGGGCCCCCTGCCCCGC	GACACGTGCC	+
Motif_16	MA1615.1	-1	0.00105546	2.18479	0.0606951	13	CGGGGGCCCCCTGCCCCGC	CCTGGCCCCAGGG	-
Motif_16	MA0163.1	-2	0.00106189	2.19812	0.0606951	14	CGGGGGCCCCCTGCCCCGC	GGGGCCCAAGGGGG	+
Motif_16	MA1965.1	-7	0.00107809	2.23165	0.0606951	10	CGGGGGCCCCCTGCCCCGC	CCCCTCCCCC	+
Motif_16	MA0079.5	-8	0.00108065	2.23694	0.0606951	9	CGGGGGCCCCCTGCCCCGC	CCCCGCCCC	-
Motif_16	MA0685.2	-8	0.00108065	2.23694	0.0606951	9	CGGGGGCCCCCTGCCCCGC	CCCCGCCCC	-
Motif_16	MA1959.1	-8	0.00108065	2.23694	0.0606951	9	CGGGGGCCCCCTGCCCCGC	CCCCGCCCC	-
Motif_16	MA0516.3	-8	0.00118015	2.44291	0.06535	9	CGGGGGCCCCCTGCCCCGC	CCCCGCCCC	-
Motif_16	UP00046_2	-2	0.00137693	2.85024	0.0751876	17	CGGGGGCCCCCTGCCCCGC	AAGGCCAGATGGTCCGG	+
Motif_16	UP00092_2	-3	0.00150615	3.11774	0.0769034	16	CGGGGGCCCCCTGCCCCGC	CGACCAACTGCCATGC	+
Motif_16	MA0112.3	-1	0.00173148	3.58417	0.0833606	17	CGGGGGCCCCCTGCCCCGC	AAGGTCACGGTGACCTG	+
Motif_16	ESR1_DBD	-1	0.00173148	3.58417	0.0833606	17	CGGGGGCCCCCTGCCCCGC	AAGGTCACGGTGACCTG	+
Motif_16	UP00068_2	0	0.00179717	3.72015	0.0841675	16	CGGGGGCCCCCTGCCCCGC	GAGGCGACACCTCCGC	-
Motif_16	MA0746.2	-4	0.00181969	3.76675	0.0841675	13	CGGGGGCCCCCTGCCCCGC	GGCCACGCCCACC	+
Motif_16	MA0039.4	-4	0.00192979	3.99466	0.0882222	12	CGGGGGCCCCCTGCCCCGC	CGCCCCACCCCC	+
Motif_16	MA1627.1	-7	0.00201989	4.18117	0.09128	12	CGGGGGCCCCCTGCCCCGC	CCCCTCCCCCACAC	+
Motif_16	MA0740.2	-8	0.00215608	4.46309	0.0963274	9	CGGGGGCCCCCTGCCCCGC	CCCCGCCCC	-
Motif_16	MA1650.1	-5	0.00238075	4.92816	0.103878	12	CGGGGGCCCCCTGCCCCGC	CCCCGCGCACCC	+
Motif_16	HES5_DBD_2	-4	0.00255157	5.28174	0.107868	12	CGGGGGCCCCCTGCCCCGC	CGGCACGTGCCG	-
Motif_16	MA0493.2	-8	0.00276996	5.73382	0.115855	9	CGGGGGCCCCCTGCCCCGC	CCCCGCCCC	-
Motif_16	MA1564.1	-5	0.00292772	6.06039	0.118833	12	CGGGGGCCCCCTGCCCCGC	GCCACGCCCCCC	+
Motif_16	MA0814.2	-2	0.00293185	6.06893	0.118833	14	CGGGGGCCCCCTGCCCCGC	CCCGCCTCAGGCCC	-
Motif_16	MA1719.1	0	0.00319765	6.61913	0.128284	18	CGGGGGCCCCCTGCCCCGC	AAATGGGGACATGCAGGG	+
Motif_16	MA1629.1	-6	0.00331245	6.85678	0.131547	13	CGGGGGCCCCCTGCCCCGC	CCCCCTGCTGTGAG	-
Motif_16	MA1642.1	-4	0.00349381	7.23218	0.137362	13	CGGGGGCCCCCTGCCCCGC	TGCCATCTGTTCC	-
Motif_16	MA0822.1	-4	0.00383845	7.9456	0.145107	12	CGGGGGCCCCCTGCCCCGC	TGGCACGTGCCA	-
Motif_16	HES7_DBD	-4	0.00383845	7.9456	0.145107	12	CGGGGGCCCCCTGCCCCGC	TGGCACGTGCCA	-
Motif_16	MA0741.1	-5	0.00391341	8.10077	0.14515	11	CGGGGGCCCCCTGCCCCGC	GCCACGCCCCC	+
Motif_16	KLF16_DBD	-5	0.00391341	8.10077	0.14515	11	CGGGGGCCCCCTGCCCCGC	GCCACGCCCCC	+
Motif_16	MA0521.2	-4	0.00410383	8.49493	0.148023	12	CGGGGGCCCCCTGCCCCGC	GAACAGCTGTTC	+
Motif_16	MA1108.2	-5	0.00415807	8.6072	0.148616	10	CGGGGGCCCCCTGCCCCGC	GACACATGGC	+
Motif_16	UP00081_2	-3	0.00424857	8.79455	0.14901	15	CGGGGGCCCCCTGCCCCGC	CGACCAACTGCCGTG	+
Motif_16	MA1993.1	-5	0.00448102	9.27571	0.14901	10	CGGGGGCCCCCTGCCCCGC	GCCAGCTGGC	+
Motif_16	ZNF740_full	2	0.00448102	9.27571	0.14901	8	CGGGGGCCCCCTGCCCCGC	GTGGGGGGGG	-
Motif_16	MA0499.2	-3	0.00449676	9.3083	0.14901	13	CGGGGGCCCCCTGCCCCGC	GGGACAGGTGCTG	-
Motif_16	MA1972.1	-3	0.00449779	9.31043	0.14901	15	CGGGGGCCCCCTGCCCCGC	GGAGGCACTGGAATG	+
Motif_16	HES5_DBD_1	-4	0.00468617	9.70036	0.152192	12	CGGGGGCCCCCTGCCCCGC	TGGCACGTGCCG	-
Motif_17	MA0067.2	-1	7.83316e-06	0.0162146	0.0324293	17	GCTGTTCCACTTGAGTGGC	TCGTCACGCTTCACTGA	-
Motif_17	MA0779.1	-2	5.11879e-05	0.105959	0.0545082	17	GCTGTTCCACTTGAGTGGC	CGTCACGCATGACTGCA	+
Motif_17	PAX1_DBD	-2	5.11879e-05	0.105959	0.0545082	17	GCTGTTCCACTTGAGTGGC	CGTCACGCATGACTGCA	+
Motif_17	MA0069.1	-3	5.26649e-05	0.109016	0.0545082	14	GCTGTTCCACTTGAGTGGC	TTCACGCATGAGTT	+
Motif_17	PAX5_DBD	-2	0.000157421	0.325861	0.113384	17	GCTGTTCCACTTGAGTGGC	CGTCACGCATGAGTGCTC	+
Motif_17	MA0781.1	-2	0.000198168	0.410208	0.113384	17	GCTGTTCCACTTGAGTGGC	CGTCACGCATGACTGCA	+
Motif_17	PAX9_DBD	-2	0.000198168	0.410208	0.113384	17	GCTGTTCCACTTGAGTGGC	CGTCACGCATGACTGCA	+
Motif_17	PAX2_DBD	-2	0.000219099	0.453535	0.113384	17	GCTGTTCCACTTGAGTGGC	CGTCACGCTTGACTGCTC	+
Motif_17	MA0673.1	-6	0.00093222	1.92969	0.385939	9	GCTGTTCCACTTGAGTGGC	CCACTTGAA	+
Motif_17	NKX2-8_full	-6	0.00093222	1.92969	0.385939	9	GCTGTTCCACTTGAGTGGC	CCACTTGAA	+
Motif_17	MA0111.1	0	0.00128113	2.65194	0.482171	11	GCTGTTCCACTTGAGTGGC	GCTGTTACCCT	-
Motif_17	NKX2-8_DBD	-6	0.00168476	3.48746	0.56653	9	GCTGTTCCACTTGAGTGGC	CCACTTGAG	+
Motif_17	MA0063.2	-8	0.00177896	3.68244	0.56653	11	GCTGTTCCACTTGAGTGGC	TTTTGAGTGGT	-
Motif_17	UP00050_2	1	0.00223007	4.61625	0.659464	19	GCTGTTCCACTTGAGTGGC	TGTCGTTACACGTGGAAGGCGGT	+
Motif_17	PAX6_DBD	-2	0.00301112	6.23301	0.813875	17	GCTGTTCCACTTGAGTGGC	TTTCACGCATGACTGCACA	+
Motif_17	MA1601.2	2	0.00331989	6.87218	0.813875	10	GCTGTTCCACTTGAGTGGC	AGGCTTTCCCAC	-
Motif_17	MA0769.2	-8	0.003342	6.91794	0.813875	11	GCTGTTCCACTTGAGTGGC	ACATCAAAGGA	-
Motif_18	MA1604.1	0	3.34448e-07	0.000692307	0.00138461	13	GGTCCCTAGGGACTAGGAG	AGTCCCTTGGGAA	-
Motif_18	EBF1_full	0	1.90457e-06	0.00394246	0.00357091	14	GGTCCCTAGGGACTAGGAG	ATTCCCTTGGGAAT	-
Motif_18	MA1637.1	0	3.69184e-06	0.00764211	0.00357091	13	GGTCCCTAGGGACTAGGAG	ATTCCCTTGGGAA	-
Motif_18	MA0154.4	1	4.31269e-06	0.00892727	0.00357091	14	GGTCCCTAGGGACTAGGAG	AGTCCCCTGGGGACT	-
Motif_18	MA1930.1	4	0.00121422	2.51344	0.558542	19	GGTCCCTAGGGACTAGGAG	TAGCGCCCCCTAGTGGCCAGAAGGGGGAACTGCAG	-
Motif_18	MA0163.1	1	0.00146276	3.02792	0.605584	13	GGTCCCTAGGGACTAGGAG	GGGGCCCAAGGGGG	+
Motif_18	MA1724.1	1	0.00236129	4.88788	0.888705	12	GGTCCCTAGGGACTAGGAG	CGGTTGCTAGGAA	-
Motif_18	MA1976.1	3	0.00271897	5.62826	0.938044	19	GGTCCCTAGGGACTAGGAG	AGGGGGGCCCGGGGGCCTGTGCGAGTG	+
Motif_18	MA0871.2	0	0.00345149	7.14459	1	11	GGTCCCTAGGGACTAGGAG	GGTCACGTGGG	-
Motif_18	MA0682.2	-8	0.00435854	9.02217	1	8	GGTCCCTAGGGACTAGGAG	GGGATTAG	-
Motif_19	MA1102.2	2	6.16131e-06	0.0127539	0.0248392	10	GCCCCCTGCCGGCGGAGCA	GCGCCCCCTGCT	-
Motif_19	MA1648.1	0	0.000171006	0.353983	0.1912	11	GCCCCCTGCCGGCGGAGCA	CGCACCTGCCG	+
Motif_19	MA0155.1	1	0.000172134	0.356317	0.1912	11	GCCCCCTGCCGGCGGAGCA	CGCCCCCTGACA	-
Motif_19	MA0139.1	4	0.000221206	0.457896	0.1912	15	GCCCCCTGCCGGCGGAGCA	TAGCGCCCCCTGGTGGCCA	-
Motif_19	UP00076_1	-1	0.00028624	0.592517	0.1912	15	GCCCCCTGCCGGCGGAGCA	CCGCATAGCAACGGA	+
Motif_19	MA1596.1	-1	0.000288484	0.597162	0.1912	16	GCCCCCTGCCGGCGGAGCA	GCCTCAGCCTCCCGAG	+
Motif_19	MA0814.2	1	0.000571929	1.18389	0.1912	13	GCCCCCTGCCGGCGGAGCA	GGGCCTGAGGCGGG	+
Motif_19	MA1615.1	3	0.000602267	1.24669	0.1912	10	GCCCCCTGCCGGCGGAGCA	CCTGGCCCCAGGG	-
Motif_19	UP00001_2	-1	0.000670295	1.38751	0.1912	17	GCCCCCTGCCGGCGGAGCA	CCTTTTGGCGCCGAACG	-
Motif_19	MA0830.2	1	0.000701177	1.45144	0.1912	12	GCCCCCTGCCGGCGGAGCA	CGGCACCTGCCCC	+
Motif_19	MA1513.1	-7	0.000813972	1.68492	0.1912	11	GCCCCCTGCCGGCGGAGCA	GGGGGCGGGGC	-
Motif_19	MA1628.1	-2	0.000883083	1.82798	0.1912	11	GCCCCCTGCCGGCGGAGCA	CCCCTGCTGTG	-
Motif_19	MA1961.1	-1	0.000919066	1.90247	0.1912	12	GCCCCCTGCCGGCGGAGCA	CCCCCGCCCCCC	-
Motif_19	MA0697.2	0	0.000945778	1.95776	0.1912	13	GCCCCCTGCCGGCGGAGCA	GCCTCCTGCTGTG	-
Motif_19	MA0522.3	0	0.000957666	1.98237	0.1912	11	GCCCCCTGCCGGCGGAGCA	CGCACCTGCCC	+
Motif_19	UP00003_2	-1	0.000975082	2.01842	0.1912	17	GCCCCCTGCCGGCGGAGCA	GCTTTTGGCGCCGAGCG	-
Motif_19	UP00102_1	-3	0.00100942	2.08951	0.1912	14	GCCCCCTGCCGGCGGAGCA	CCCCCCCGGGGGTG	-
Motif_19	MA0810.1	1	0.00107388	2.22293	0.1912	11	GCCCCCTGCCGGCGGAGCA	TGCCCCCGGGCA	+
Motif_19	TFAP2A_DBD_1	1	0.00107388	2.22293	0.1912	11	GCCCCCTGCCGGCGGAGCA	TGCCCCCGGGCA	+
Motif_19	Tcfap2a_DBD_1	1	0.00107388	2.22293	0.1912	11	GCCCCCTGCCGGCGGAGCA	TGCCCCCGGGCA	+
Motif_19	MA1930.1	4	0.00119407	2.47173	0.1912	19	GCCCCCTGCCGGCGGAGCA	TAGCGCCCCCTAGTGGCCAGAAGGGGGAACTGCAG	-
Motif_19	UP00006_1	-3	0.00122332	2.53227	0.1912	15	GCCCCCTGCCGGCGGAGCA	CCCCCCCGGGGGGGT	+
Motif_19	MA1100.2	0	0.00146245	3.02728	0.1912	10	GCCCCCTGCCGGCGGAGCA	GGCAGCTGCC	-
Motif_19	MA0822.1	1	0.00157155	3.2531	0.1912	11	GCCCCCTGCCGGCGGAGCA	TGGCACGTGCCA	-
Motif_19	HES5_DBD_2	1	0.00157155	3.2531	0.1912	11	GCCCCCTGCCGGCGGAGCA	CGGCACGTGCCG	-
Motif_19	HES7_DBD	1	0.00157155	3.2531	0.1912	11	GCCCCCTGCCGGCGGAGCA	TGGCACGTGCCA	-
Motif_19	TFAP2A_DBD_3	-6	0.00157212	3.25429	0.1912	13	GCCCCCTGCCGGCGGAGCA	TGCCCCGGGGGCA	-
Motif_19	MA1522.1	0	0.00166966	3.4562	0.1912	11	GCCCCCTGCCGGCGGAGCA	CGCCCCTCCCC	+
Motif_19	MA1712.1	-2	0.00168071	3.47907	0.1912	17	GCCCCCTGCCGGCGGAGCA	CCCCGGGGCCCGGAGCCT	-
Motif_19	UP00098_1	3	0.00176291	3.64923	0.1912	19	GCCCCCTGCCGGCGGAGCA	TGTGACCCTTAGCAACCGATTAA	+
Motif_19	MA1467.2	1	0.00194949	4.03544	0.1912	10	GCCCCCTGCCGGCGGAGCA	TGCCATCTGTC	-
Motif_19	HES5_DBD_1	1	0.00196458	4.06667	0.1912	11	GCCCCCTGCCGGCGGAGCA	TGGCACGTGCCG	-
Motif_19	MA1108.2	0	0.00201581	4.17273	0.1912	10	GCCCCCTGCCGGCGGAGCA	GACACATGGC	+
Motif_19	MA0872.1	-6	0.00208362	4.3131	0.1912	13	GCCCCCTGCCGGCGGAGCA	TGCCCTCAGGGCA	-
Motif_19	TFAP2A_DBD_6	-6	0.00208362	4.3131	0.1912	13	GCCCCCTGCCGGCGGAGCA	TGCCCTCAGGGCA	-
Motif_19	MA0103.3	0	0.00210513	4.35763	0.1912	11	GCCCCCTGCCGGCGGAGCA	CCCACCTGCGC	+
Motif_19	MA0815.1	-6	0.00223348	4.62331	0.1912	13	GCCCCCTGCCGGCGGAGCA	TGCCCTGAGGGCA	+
Motif_19	TFAP2C_DBD_3	-6	0.00223348	4.62331	0.1912	13	GCCCCCTGCCGGCGGAGCA	TGCCCTGAGGGCA	+
Motif_19	UP00056_1	-1	0.00233059	4.82433	0.1912	15	GCCCCCTGCCGGCGGAGCA	TACCATAGCAACGGT	+
Motif_19	UP00057_1	0	0.00233059	4.82433	0.1912	15	GCCCCCTGCCGGCGGAGCA	ACCCCCCCGGGGGGG	-
Motif_19	MA1604.1	0	0.00256342	5.30627	0.1912	13	GCCCCCTGCCGGCGGAGCA	AGTCCCTTGGGAA	-
Motif_19	Tcfap2a_DBD_3	-6	0.00256342	5.30627	0.1912	13	GCCCCCTGCCGGCGGAGCA	TGCCCTCAGGGCA	-
Motif_19	MA0821.2	0	0.00275076	5.69408	0.1912	10	GCCCCCTGCCGGCGGAGCA	GGCACGTGCC	+
Motif_19	MA1993.1	0	0.00275076	5.69408	0.1912	10	GCCCCCTGCCGGCGGAGCA	GCCAGCTGGC	+
Motif_19	MA0154.4	1	0.00281249	5.82186	0.191749	14	GCCCCCTGCCGGCGGAGCA	AGTCCCCTGGGGACT	-
Motif_19	ELK1_full_2	-3	0.00285378	5.90733	0.191749	16	GCCCCCTGCCGGCGGAGCA	CACTTCCGGCGGAAGTG	+
Motif_19	MA0748.2	-3	0.0030687	6.3522	0.199538	11	GCCCCCTGCCGGCGGAGCA	AGATGGCGGCG	+
Motif_19	MA0750.2	-1	0.00314328	6.5066	0.201144	13	GCCCCCTGCCGGCGGAGCA	GCCACTTCCGGGC	-
Motif_19	MA1964.1	-1	0.00345347	7.14868	0.213286	10	GCCCCCTGCCGGCGGAGCA	CTGTCTGGCA	-
Motif_19	MA1929.1	4	0.00361892	7.49117	0.213286	19	GCCCCCTGCCGGCGGAGCA	TAGCGCCCCCTGGTGGCCACAGCTGGAACTGCAG	-
Motif_19	MA0811.1	1	0.00375627	7.77548	0.213286	11	GCCCCCTGCCGGCGGAGCA	TGCCCCAGGGCA	+
Motif_19	TFAP2B_DBD_1	1	0.00375627	7.77548	0.213286	11	GCCCCCTGCCGGCGGAGCA	TGCCCCAGGGCA	+
Motif_19	TFAP2C_full_1	1	0.00375627	7.77548	0.213286	11	GCCCCCTGCCGGCGGAGCA	TGCCCCAGGGCA	+
Motif_19	MA0146.2	-7	0.00381772	7.90268	0.213764	12	GCCCCCTGCCGGCGGAGCA	GGGGCCGAGGCCTG	+
Motif_19	MA1099.2	0	0.0040097	8.30007	0.215533	10	GCCCCCTGCCGGCGGAGCA	GGCACGTGGC	+
Motif_19	MA1638.1	0	0.0040097	8.30007	0.215533	10	GCCCCCTGCCGGCGGAGCA	GCCATCTGGT	-
Motif_19	MA1548.1	3	0.0040097	8.30007	0.215533	7	GCCCCCTGCCGGCGGAGCA	TGGGCCCCCT	+
Motif_19	CTCF_full	3	0.00424779	8.79293	0.225327	14	GCCCCCTGCCGGCGGAGCA	AGCGCCACCTAGTGGTA	+
Motif_19	TFAP2A_DBD_5	1	0.00431975	8.94187	0.226168	11	GCCCCCTGCCGGCGGAGCA	TGCCCTAGGGCA	+
Motif_19	MA0616.2	0	0.00464796	9.62128	0.227424	10	GCCCCCTGCCGGCGGAGCA	GGCACGTGCC	-
Motif_19	TFAP2C_full_2	-6	0.0046826	9.69298	0.227424	13	GCCCCCTGCCGGCGGAGCA	TGCCCTGAGGGCA	+
Motif_19	MA1114.1	-1	0.0047496	9.83167	0.227424	17	GCCCCCTGCCGGCGGAGCA	CCGCCTGTCACTCACCC	-
Motif_19	MA0799.2	2	0.0047496	9.83167	0.227424	15	GCCCCCTGCCGGCGGAGCA	CCGTTGCTTAGCAACGG	+
Motif_20	MA0139.1	2	3.73936e-07	0.000774047	0.00117461	17	CCTCCATCTGTTGTTTGAT	TAGCGCCCCCTGGTGGCCA	-
Motif_20	MA1930.1	2	5.72277e-07	0.00118461	0.00117461	19	CCTCCATCTGTTGTTTGAT	TAGCGCCCCCTAGTGGCCAGAAGGGGGAACTGCAG	-
Motif_20	MA1929.1	2	8.40771e-06	0.017404	0.0115047	19	CCTCCATCTGTTGTTTGAT	TAGCGCCCCCTGGTGGCCACAGCTGGAACTGCAG	-
Motif_20	MA1109.1	0	2.73615e-05	0.0566383	0.0280801	13	CCTCCATCTGTTGTTTGAT	CTGCCATCTGTCC	-
Motif_20	MA1467.2	-1	4.43537e-05	0.0918121	0.0315897	11	CCTCCATCTGTTGTTTGAT	TGCCATCTGTC	-
Motif_20	MA1102.2	0	4.82758e-05	0.099931	0.0315897	12	CCTCCATCTGTTGTTTGAT	GCGCCCCCTGCT	-
Motif_20	MA1638.1	-2	5.38674e-05	0.111505	0.0315897	10	CCTCCATCTGTTGTTTGAT	GCCATCTGGT	-
Motif_20	CTCF_full	1	7.87486e-05	0.16301	0.0365192	16	CCTCCATCTGTTGTTTGAT	AGCGCCACCTAGTGGTA	+
Motif_20	SCRT2_DBD	-3	8.00655e-05	0.165736	0.0365192	13	CCTCCATCTGTTGTTTGAT	CCACCTGTTGCAT	-
Motif_20	MA1568.1	-1	0.000168802	0.34942	0.069294	12	CCTCCATCTGTTGTTTGAT	CGCCATATGGTG	-
Motif_20	MA1559.1	-2	0.000230094	0.476294	0.0858679	10	CCTCCATCTGTTGTTTGAT	TGCACCTGTT	-
Motif_20	SNAI2_DBD	-3	0.000441793	0.914511	0.144906	9	CCTCCATCTGTTGTTTGAT	ACACCTGTT	-
Motif_20	MA0820.1	-2	0.000494193	1.02298	0.144906	10	CCTCCATCTGTTGTTTGAT	ACCACCTGTT	+
Motif_20	FIGLA_DBD	-2	0.000494193	1.02298	0.144906	10	CCTCCATCTGTTGTTTGAT	ACCACCTGTT	+
Motif_20	MA1587.1	0	0.000594216	1.23003	0.152455	14	CCTCCATCTGTTGTTTGAT	CCTCGACCTCCTGA	+
Motif_20	MA0748.2	2	0.000908462	1.88052	0.21937	9	CCTCCATCTGTTGTTTGAT	CGCCGCCATCT	-
Motif_20	MA1646.1	-1	0.00117277	2.42764	0.26746	12	CCTCCATCTGTTGTTTGAT	CTGCTTCTGTTT	-
Motif_20	MA0743.2	-1	0.00145437	3.01055	0.308238	16	CCTCCATCTGTTGTTTGAT	AACCACCTGTTGAATT	-
Motif_20	MA1468.1	-2	0.00150175	3.10863	0.308238	10	CCTCCATCTGTTGTTTGAT	GACATATGTT	-
Motif_20	MA1648.1	-2	0.00163635	3.38724	0.319871	11	CCTCCATCTGTTGTTTGAT	CGCACCTGCCG	+
Motif_20	ID4_DBD	-2	0.00187636	3.88407	0.342652	10	CCTCCATCTGTTGTTTGAT	TACACCTGTC	+
Motif_20	MA0697.2	1	0.00211501	4.37808	0.342652	12	CCTCCATCTGTTGTTTGAT	GCCTCCTGCTGTG	-
Motif_20	MA0461.2	-2	0.00217024	4.4924	0.342652	10	CCTCCATCTGTTGTTTGAT	AACATATGTT	-
Motif_20	NEUROD2_full	-2	0.00217024	4.4924	0.342652	10	CCTCCATCTGTTGTTTGAT	GCCATATGGT	+
Motif_20	Atoh1_DBD	-2	0.00217024	4.4924	0.342652	10	CCTCCATCTGTTGTTTGAT	AACATATGTT	-
Motif_20	MA0500.2	-1	0.00246503	5.1026	0.358999	12	CCTCCATCTGTTGTTTGAT	CAGCAGCTGCTG	+
Motif_20	MA0091.1	0	0.00263197	5.44818	0.358999	12	CCTCCATCTGTTGTTTGAT	CGACCATCTGTT	+
Motif_20	MA1955.1	-1	0.00267685	5.54108	0.358999	14	CCTCCATCTGTTGTTTGAT	CACTTCCTGTTTAC	-
Motif_20	MA0744.2	-1	0.00286557	5.93172	0.358999	16	CCTCCATCTGTTGTTTGAT	AACCACCTGTTGCTTT	-
Motif_20	MA0818.2	-2	0.00288595	5.97391	0.358999	10	CCTCCATCTGTTGTTTGAT	ACCATATGGT	-
Motif_20	MA0819.2	-3	0.00288595	5.97391	0.358999	10	CCTCCATCTGTTGTTTGAT	GCACGTGTTT	-
Motif_20	MA0668.2	0	0.00357031	7.39054	0.431068	15	CCTCCATCTGTTGTTTGAT	TGACCATCTGTTCCC	-
Motif_20	SCRT1_DBD	-1	0.00379027	7.84586	0.44455	15	CCTCCATCTGTTGTTTGAT	AACCACCTGTTGCTC	-
Motif_20	MA0608.1	-2	0.00390372	8.0807	0.445138	9	CCTCCATCTGTTGTTTGAT	GCCACGTGT	+
Motif_20	MA1108.2	-2	0.00408659	8.45923	0.449532	10	CCTCCATCTGTTGTTTGAT	GCCATGTGTC	-

# Tomtom (Motif Comparison Tool): Version 5.5.7 compiled on Aug 29 2024 at 17:50:26
# The format of this file is described at https://meme-suite.org/meme/doc/tomtom-output-format.html.
# tomtom -no-ssc -oc . -verbosity 1 -min-overlap 5 -dist pearson -evalue -thresh 10.0 query_motifs db/MOUSE/uniprobe_mouse.meme db/JASPAR/JASPAR2022_CORE_vertebrates_non-redundant_v2.meme db/EUKARYOTE/jolma2013.meme
